Workbook

Sheet SKU Info
A1: BBY SKU | B1: GLN | C1: UPC | D1: MFG | E1: Title | F1: BBY Cost | G1: MSRP | H1: Online | I1: In Stock | J1: Link | K1: Notes
A2: 6454804 | B2: 810016710004 | C2: 810016712022 | D2: AS-TBSH-SPIN | E2: AQUASONIC PROSPIN ULTRA TOOTHBRUSH | F2: 29.96 | G2: 39.95 | J2: Holding until product update
A3: 6454800 | B3: 810016710004 | C3: 810016711094 | D3: AS-TBSH-DUOP | E3: AQUASONIC DUO PRO ULTRA TOOTHBRUSHES - KEEP OFFLINE | F3: 59.96 | G3: 79.95 | H3: NO | I3: NO | J3: https://www.bestbuy.com/site/aquasonic-duo-series-pro-rechargeable-electric-toothbrush-set-midnight-black-optic-white/6454800.p?skuId=6454800 | K3: Hidden for now - focus on the Holiday exclusive
A4: 6454806 | B4: 810016710004 | C4: 810016710127 | D4: AS-TBSH-BS | E4: AQUASONIC BLACK ULTRA SONIC TOOTHBRUSH. - KEEP OFFLINE | F4: 27.71 | G4: 36.95 | H4: NO | I4: NO | J4: https://www.bestbuy.com/site/aquasonic-black-series-rechargeable-electric-toothbrush-black/6454806.p?skuId=6454806 | K4: Hidden for now - focus on the Holiday exclusive
A5: 6454805 | B5: 810016710004 | C5: 810016710066 | D5: AS-TBSH-CH | E5: AQUASONIC VIBE ULTRA TOOTHBRUSH CHARCL KEEP OFFLINE | F5: 27.71 | G5: 36.95 | H5: NO | I5: NO | J5: https://www.bestbuy.com/site/aquasonic-vibe-series-rechargeable-electric-toothbrush-charcoal-metallic/6454805.p?skuId=6454805
A6: 6454808 | B6: 810016710004 | C6: 810016710059 | D6: AS-TBSH-RG | E6: AQUASONIC VIBE ULTRA TOOTHBRUSH-RSGLD - KEEP OFFLINE | F6: 27.71 | G6: 36.95 | H6: NO | I6: NO | J6: https://www.bestbuy.com/site/aquasonic-vibe-series-rechargeable-electric-toothbrush-satin-rose-gold/6454808.p?skuId=6454808
A7: 6454798 | B7: 810016710004 | C7: 810016710042 | D7: AS-TBSH-WH | E7: AQUASONIC VIBE ULTRA TOOTHBRUSH-WHITE - KEEP OFFLINE | F7: 27.71 | G7: 36.95 | H7: NO | I7: NO | J7: https://www.bestbuy.com/site/aquasonic-vibe-series-rechargeable-electric-toothbrush-optic-white/6454798.p?skuId=6454798
A8: 6454807 | B8: 810016710004 | C8: 810016710196 | D8: AS-FLOS-PRO | E8: AQUASONIC AQUA FLOSSER PRO | F8: 37.49 | G8: 49.95 | H8: NO | I8: NO | J8: https://www.bestbuy.com/site/aquasonic-pro-water-flosser-white/6454807.p?skuId=6454807 | K8: Currently OOS
A9: 6505519 | B9: 810016710004 | C9: 810016715122 | D9: BBY-PDC-HALO-SLV | E9: Halo Face Cleansing Brush with Red & Blue LED Light | F9: 31.96 | G9: 39.95 | H9: NO | I9: NO | J9: https://www.bestbuy.com/site/pure-daily-care-halo-face-cleansing-brush-light-gray/6505519.p?skuId=6505519
A10: 6454799 | B10: 810016710004 | C10: 810016710387 | D10: AS-FLOS-REG | E10: AQUA FLOSSER RCHRGBLE ORAL IRRIGATOR -ADDING INVENTORY | F10: 29.99 | G10: 39.95 | H10: YES | I10: NO | J10: https://www.bestbuy.com/site/aquasonic-aqua-flosser-oral-irrigator-white/6454799.p?skuId=6454799
A11: 6454802 | B11: 810016710004 | C11: 810016710240 | D11: AS-HDCS-SET | E11: COMPLETE FAMILY ORAL CARE | F11: 37.46 | G11: 49.95 | H11: YES | I11: NO | J11: https://www.bestbuy.com/site/aquasonic-rechargeable-electric-toothbrush-and-oral-irrigator-set-white/6454802.p?skuId=6454802
A12: 6500849 | B12: 810016710004 | C12: 810016714842 | D12: BBY-AS-TBSH-RG | E12: AquaSonic - Ultrasonic Rechargeable Electric Toothbrush Ultimate Bundle - Rose Gold | F12: 37.46 | G12: 49.95 | H12: YES | I12: NO | J12: https://www.bestbuy.com/site/aquasonic-vibe-series-rechargeable-electric-toothbrush-rose-gold/6500849.p?skuId=6500849
A13: 6500855 | B13: 810016710004 | C13: 810016714859 | D13: BBY-AS-TBSH-CH | E13: AquaSonic - Ultrasonic Rechargeable Electric Toothbrush Ultimate Bundle - Charcoal Metallic | F13: 37.46 | G13: 49.95 | H13: YES | I13: NO | J13: https://www.bestbuy.com/site/aquasonic-vibe-series-rechargeable-electric-toothbrush-charcoal-metallic/6500855.p?skuId=6500855#anchor=productVariations
A14: 6500856 | B14: 810016710004 | C14: 810016714866 | D14: BBY-AS-TBSH-WH | E14: AquaSonic - Ultrasonic Rechargeable Electric Toothbrush Ultimate Bundle - Optic White | F14: 37.46 | G14: 49.95 | H14: YES | I14: NO | J14: https://www.bestbuy.com/site/aquasonic-vibe-series-rechargeable-electric-toothbrush-optic-white/6500856.p?skuId=6500856#anchor=productVariations
A15: 6500876 | B15: 810016710004 | C15: 810016712961 | D15: AS-HEADC-PLS-WH | E15: AquaSonic - Activated Charcoal Pulse Replacement Brush Heads (2-Pack) - White | F15: 7.46 | G15: 9.95 | H15: YES | I15: NO | J15: https://www.bestbuy.com/site/aquasonic-activated-charcoal-replacement-brush-heads-2-pack-white/6500876.p?skuId=6500876#anchor=productVariations
A16: 6454801 | B16: 810016710004 | C16: 810016710004 | D16: AS-TBSH-PRO | E16: AQUASONIC BLACK SERIES PLUS TOOTHBRUSH | F16: 37.49 | G16: 49.95 | H16: YES | I16: NO | J16: https://www.bestbuy.com/site/aquasonic-black-series-pro-rechargeable-electric-toothbrush-black/6454801.p?skuId=6454801
A17: 6505518 | B17: 810016710004 | C17: 810016715061 | D17: BBY-PDC-NANO-5PC | E17: NanoSteamer - Large 3-in-1 Nano Ionic Facial Steamer with Bonus 5 Piece Stainless Steel Skin Kit | F17: 39.96 | G17: 49.95 | H17: YES | I17: YES | J17: https://www.bestbuy.com/site/pure-daily-care-nanosteamer-facial-steamer-white/6505518.p?skuId=6505518
A18: 6505517 | B18: 810016710004 | C18: 810016715160 | D18: BBY-PDC-LUMA-WAND | E18: Luma Skin Therapy Wand - 4-in-1 Natural Facial Skincare Treatments | F18: 63.99 | G18: 79.99 | H18: YES | I18: YES | J18: https://www.bestbuy.com/site/pure-daily-care-luma-skin-therapy-wand/6505517.p?skuId=6505517
A19: 6505524 | B19: 810016710004 | C19: 810016715153 | D19: BBY-PDC-LUMA-MSK | E19: Luma LED Skin Therapy Mask - Home Skin Rejuvenation & Anti-Aging Light Therapy - 7 Color LED - Facial Skin Care - Skin Tightening - Wrinkles and Fine Lines - Boost Collagen - Inflammation Fighter | F19: 71.96 | G19: 89.95 | H19: YES | I19: YES | J19: https://www.bestbuy.com/site/pure-daily-care-luma-light-therapy-mask/6505524.p?skuId=6505524
A20: 6500874 | B20: 810016710004 | C20: 810016712954 | D20: AS-HEADC-PLS-BK | E20: AquaSonic - Activated Charcoal Pulse Replacement Brush Heads (2-Pack) - Black | F20: 7.46 | G20: 9.95 | H20: YES | I20: YES | J20: https://www.bestbuy.com/site/aquasonic-activated-charcoal-replacement-brush-heads-2-pack-black/6500874.p?skuId=6500874#anchor=productVariations
... A24: 6454803 | B24: 810016710004 | C24: 810016710110 | D24: AS-TBSH-DUO | E24: AQUASONIC DUO ULTRA TOOTHBRUSHES | F24: 37.46 | G24: 49.95 | H24: YES | I24: YES | J24: https://www.bestbuy.com/site/aquasonic-duo-series-rechargeable-electric-toothbrush-set-white-satin-black/6454803.p?skuId=6454803
A25: 6488842 | B25: 810016710004 | C25: 810016713715 | D25: AS-TBSH-BS-HB | E25: AquaSonic Black UltraSonic ToothBrush Ultimate Bundle | F25: 37.46 | G25: 49.99 | H25: YES | I25: YES | J25: https://www.bestbuy.com/site/aquasonic-black-ultrasonic-toothbrush-ultimate-bundle-black/6488842.p?skuId=6488842 | K25: EOL on 6/21/22
A26: 6488843 | B26: 810016710004 | C26: 810016713722 | D26: AS-TBSH-DUOP-HB | E26: AquaSonic - Duo Series Pro Rechargeable Electric Toothbrush Ultimate Bundle | F26: 74.96 | G26: 99.95 | H26: YES | I26: YES | J26: https://www.bestbuy.com/site/aquasonic-ultrasonic-uv-sanitizing-toothbrush-set-limited-edition-bundle-midnight-black-optic-white/6488843.p?skuId=6488843
A27: 6500868 | B27: 810016710004 | C27: 810016712985 | D27: AS-HEADC-PRO-WH | E27: AquaSonic - Activated Charcoal Vibe, Black Series, Pro Series, Duo Pro Replacement Brush Heads (2-Pack) - White | F27: 11.2 | G27: 14.95 | H27: YES | I27: YES | J27: https://www.bestbuy.com/site/aquasonic-activated-charcoal-replacement-brush-heads-2-pack-white/6500868.p?skuId=6500868
A28: 6500870 | B28: 810016710004 | C28: 810016712732 | D28: AS-HEAD-DUOP | E28: AQUASONIC DUO PRO 8-PACK BRUSH HEADS | F28: 18.71 | G28: 24.95 | H28: YES | I28: YES | J28: https://www.bestbuy.com/site/aquasonic-proflex-replacement-brush-heads-8-pack-white-black/6500870.p?skuId=6500870
A29: 6550471 | B29: 810016710004 | C29: 810016717096 | D29: AS-ELITE-BK | E29: Aquasonic Elite Series Electric Toothbrush - Black | F29: 37.46 | G29: 49.95 | H29: YES | I29: YES | J29: https://www.bestbuy.com/site/aquasonic-elite-series-electric-toothbrush-black/6550471.p?skuId=6550471
A30: 6550475 | B30: 810016710004 | C30: 810016717102 | D30: AS-ELITE-RG | E30: Aquasonic Elite Series Electric Toothbrush - Rose Gold | F30: 37.46 | G30: 49.95 | H30: YES | I30: YES | J30: https://www.bestbuy.com/site/aquasonic-elite-series-electric-toothbrush-black/6550471.p?skuId=6550471
A31: 6550472 | B31: 810016710004 | C31: 810016717119 | D31: AS-ELITE-WH | E31: Aquasonic Elite Series Electric Toothbrush - White | F31: 37.46 | G31: 49.95 | H31: YES | I31: YES | J31: https://www.bestbuy.com/site/aquasonic-elite-series-electric-toothbrush-black/6550471.p?skuId=6550471
A32: 6550477 | B32: 810016710004 | C32: 810016717362 | D32: AS-ICON-NV | E32: Aquasonic Icon ADA-Accepted Rechargeable Toothbrush | Magnetic Holder & Slim Travel Case (Navy) | F32: 18.71 | G32: 24.95 | H32: YES | I32: YES | J32: https://www.bestbuy.com/site/aquasonic-icon-rechargeable-power-toothbrush--magnetic-holder-slim-travel-case-navy/6550477.p?skuId=6550477
A33: 6550543 | B33: 810016710004 | C33: 810016717379 | D33: AS-ICON-WH | E33: Aquasonic Icon ADA-Accepted Rechargeable Toothbrush | Magnetic Holder & Slim Travel Case (White) | F33: 18.71 | G33: 24.95 | H33: YES | I33: YES | J33: https://www.bestbuy.com/site/aquasonic-icon-rechargeable-power-toothbrush--magnetic-holder-slim-travel-case-navy/6550477.p?skuId=6550477
A34: 6550478 | B34: 810016710004 | C34: 810016717348 | D34: AS-HEAD-ICON-2NV | E34: AquaSonic Icon Navy Replacement Brush Heads - 2 Pack | F34: 7.46 | G34: 9.95 | H34: YES | I34: YES | J34: https://www.bestbuy.com/site/aquasonic-icon-replacement-brushheads-2pk-navy/6550478.p?skuId=6550478
A35: 6550474 | B35: 810016710004 | C35: 810016717355 | D35: AS-HEAD-ICON-2WH | E35: AquaSonic Icon White Replacement Brush Heads - 2 Pack | F35: 7.46 | G35: 9.95 | H35: YES | I35: YES | J35: https://www.bestbuy.com/site/aquasonic-icon-replacement-brushheads-2pk-navy/6550478.p?skuId=6550478
A36: 6550544 | B36: 810016710004 | C36: 810016718178 | D36: AS-ELITE-DUO | E36: AquaSonic Elite Duo Ultra-Whitening Toothbrush Set - Black & White | F36: 67.46 | G36: 89.95 | H36: YES | I36: YES | J36: https://www.bestbuy.com/site/aquasonic-elite-duo-series-electric-toothbrush-set-white-and-black/6550544.p?skuId=6550544
A37: 6550480 | B37: 810016710004 | C37: 810016716549 | D37: AS-HEAD-P3WH | E37: AquaSonic ProFlex White Brush Heads - 3 Pack | F37: 11.21 | G37: 14.95 | H37: YES | I37: YES | J37: https://www.bestbuy.com/site/aquasonic-proflex-brush-heads-3-pack-white/6550480.p?skuId=6550480
... A43: 6576717 | B43: 810016710004 | C43: 810016718857 | D43: AS-ELITE-FLOS-WH | E43: AquaSonic Elite Flosser - Rechargeable Water Flosser with 4 Tips, 4 Modes & Portable - White | F43: 37.46 | G43: 49.95 | H43: YES | I43: YES | J43: https://www.bestbuy.com/site/aquasonic-elite-water-flosser-white/6576717.p?skuId=6576717
A44: Pure Daily Care
A45: 6505523 | B45: 810016710004 | C45: 810016715092 | D45: BBY-PDC-NDSW-WH | E45: NuDerma Skin Wand - Portable Handheld High Frequency Skin Therapy Machine | F45: 39.96 | G45: 49.95 | H45: YES | I45: YES | J45: https://www.bestbuy.com/site/pure-daily-care-nuderma-skin-therapy-wand/6505523.p?skuId=6505523 | K45: Cost changing to 55.96, retail to 69.95 on 8/1/22
A46: 6505515 | B46: 810016710004 | C46: 810016715108 | D46: BBY-PDC-DERM-PRO | E46: NuDerma Professional Skin Therapy Wand - Portable Handheld High Frequency Skin Therapy Machine with 6 Neon & Argon Wands - Acne Treatment - Skin Tightening - Wrinkle Reducing – Facial Skin Lifter | F46: 63.96 | G46: 79.95 | H46: NO | I46: YES | J46: https://www.bestbuy.com/site/pure-daily-care-nuderma-professional-skin-therapy-wand/6505515.p?skuId=6505515 | K46: Cost change to 71.96, retail to 89.95 on 8/1/22
A47: 6505516 | B47: 810016710004 | C47: 810016715139 | D47: BBY-PDC-RNEW-WH | E47: ReNew Skin Scrubber | F47: 23.96 | G47: 29.95 | H47: YES | I47: YES | J47: https://www.bestbuy.com/site/pure-daily-care-renew-skin-scrubber-white/6505516.p?skuId=6505516
A48: 6505521 | B48: 810016710004 | C48: 810016715146 | D48: BBY-PDC-DERM-CLNC | E48: NuDerma Clinical Skin Therapy Wand - Portable Handheld High Frequency Skin Therapy Machine w 6 FUSION Neon + Argon Wands - Natural Acne Treatment - Skin Tightening - Wrinkle Reducing - Facial Skin | F48: 95.96 | G48: 119.95 | H48: YES | I48: YES | J48: https://www.bestbuy.com/site/pure-daily-care-nuderma-clinical-skin-therapy-wand/6505521.p?skuId=6505521 | K48: Cost change to 119.96, retail to $149.95 on 8/1/22
A49: 6505526 | B49: 810016710004 | C49: 810016715078 | D49: BBY-PDC-NANO-PRO | E49: NanoStemer PRO - Professional Ionic 4 in 1 Facial Steamer W/ 5 Staineless Steel Blemish Kit and a Headband | F49: 55.99 | G49: 69.99 | H49: YES | I49: YES | J49: https://www.bestbuy.com/site/pure-daily-care-nanosteamer-pro-facial-steamer-white/6505526.p?skuId=6505526
A50: 6505525 | B50: 810016710004 | C50: 810016715085 | D50: BBY-PDC-NANO-CLNC | E50: NanoSteamer Clinical - 10-in-1 Smart Steam Dermatologist Grade Ionic Facial Steamer with 2 Multi-Position Steam Nozzles - Digital LCD Screen - Extraction Set - 6 Pre-Programmed Professional Modes | F50: 71.96 | G50: 89.95 | H50: YES | I50: YES | J50: https://www.bestbuy.com/site/pure-daily-care-nanosteamer-clinical-facial-steamer-white/6505525.p?skuId=6505525
A51: 6505522 | B51: 810016710004 | C51: 810016715115 | D51: BBY-PDC-RDIO-SNG | E51: DermaWave Clinical Radio Frequency Machine | F51: 191.96 | G51: 239.95 | H51: YES | I51: YES | J51: https://www.bestbuy.com/site/pure-daily-care-dermawave-clinical-radio-frequency-machine/6505522.p?skuId=6505522
A52: 6562452 | B52: 810016710004 | C52: 810016716969 | D52: PDC-NANO-5PC-HYAL1 | E52: Pure Daily Care - Nano Ionic Facial Steamer with 5 Piece Skin Kit and Hyaluronic Serum - Teal | F52: 40.77 | G52: 59.95 | H52: YES | I52: YES | J52: https://www.bestbuy.com/site/pure-daily-care-nano-ionic-facial-steamer-with-5-piece-skin-kit-and-hyaluronic-serum-white/6562452.p?skuId=6562452
A53: 6579043 | B53: 810016710004 | C53: 810016718888 | D53: PDC-NANO-5PC-PR-HYAL1 | E53: Pure Daily Care - Nano Ionic Facial Steamer with 5 Piece Skin Kit and Hyaluronic Serum - Lilac | F53: 40.77 | G53: 59.95 | H53: YES | I53: YES | J53: https://www.bestbuy.com/site/pure-daily-care-nano-ionic-facial-steamer-with-5-piece-skin-kit-and-hyaluronic-serum-lilac/6579043.p?skuId=6579043
A54: 6579042 | B54: 810016710004 | C54: 810016718895 | D54: PDC-NANO-5PC-SL1-HYAL1 | E54: Pure Daily Care - Nano Ionic Facial Steamer with 5 Piece Skin Kit and Hyaluronic Serum - Silver | F54: 40.77 | G54: 59.95 | H54: YES | I54: YES | J54: https://www.bestbuy.com/site/pure-daily-care-nano-ionic-facial-steamer-with-5-piece-skin-kit-and-hyaluronic-serum-lilac/6579043.p?skuId=6579043
A55: 6562455 | B55: 810016710004 | C55: 810016716983 | D55: PDC-LUMA-MSK-HYAL1 | E55: Luma LED Skin Therapy Mask and Hyaluronic Acid Serum: The Anti-Aging Duo | F55: 67.97 | G55: 99.95 | H55: YES | I55: No | J55: https://www.bestbuy.com/site/pure-daily-care-luma-led-skin-therapy-mask-and-hyaluronic-acid-serum-the-anti-aging-duo-white/6562455.p?skuId=6562455
A56: 6562454 | B56: 810016710004 | C56: 810016716976 | D56: PDC-LUMA-WAND-HYAL1 | E56: 4-in-1 Natural Facial Skincare Treatments with a Bonus High Energy Hyaluronic Serum | F56: 61.17 | G56: 89.95 | H56: YES | I56: No | J56: https://www.bestbuy.com/site/pure-daily-care-4-in-1-natural-facial-skincare-treatments-with-a-bonus-high-energy-hyaluronic-serum-black/6562454.p?skuId=6562454
A57: 6562453 | B57: 810016710004 | C57: 810016717003 | D57: PDC-SKIN-HYAL1 | E57: High Energy Hyaluronic Serum (1oz) - Hydrating Clinical Grade Hyaluronic Acid | F57: 16.97 | G57: 24.95 | H57: YES | I57: No | J57: https://www.bestbuy.com/site/pure-daily-care-high-energy-hyaluronic-serum-1oz-hydrating-clinical-grade-hyaluronic-acid-white/6562453.p?skuId=6562453

Sheet Core Shipments
A1: BBY | B1: BBY SKU | C1: UPC | D1: MFG | E1: Title | F1: 44834 | G1: 44858 | H1: 44872 | I1: 44879 | J1: 44886 | K1: 44893 | L1: 44900 | M1: 44907 | N1: 44914 | O1: 44921 | P1: 44928 | Q1: 44935 | R1: 44949 | S1: 44963 | T1: 44970 | U1: 44977 | V1: 44991 | W1: 45005 | X1: 45019 | Y1: 45033 | Z1: 45047 | AA1: 45061 | AB1: 45075 | AC1: 45089 | AD1: 45103 | AE1: 45117 | AF1: 45131 | AG1: 45145 | AH1: 45159 | AI1: 45173 | AJ1: 45187 | AK1: 45201 | AL1: 45215 | AM1: 45229 | AN1: 45235 | AO1: 45243 | AP1: 45257 | AQ1: 45271 | AR1: 45285 | AS1: 45299 | AT1: 45313 | AU1: 45327 | AV1: 45341 | AW1: 45355 | AX1: 45369 | AY1: 45383 | AZ1: 45397 | BA1: 45411 | BB1: 45425 | BC1: 45439 | BD1: 45453 | BE1: 45460 | BF1: 45467 | BG1: 45481 | BH1: 45495 | BI1: 45509 | BJ1: 45523 | BK1: 45537 | BL1: 45551 | BM1: 45565 | BN1: 45579 | BO1: 45593 | BP1: 45607 | BQ1: 45621 | BR1: 45635 | BS1: 45649 | BT1: 45663 | BU1: 45677 | BV1: 45691 | BW1: 45705 | BX1: 45719 | BY1: 45733 | BZ1: 45747 | CA1: 45761 | CB1: 45775 | CC1: 45789 | CD1: 45803 | CE1: 45817 | CF1: 45831 | CG1: 45845 | CH1: 45859 | CI1: 45873 | CJ1: 45887 | CL1: BBY COST | CM1: Units | CN1: Total Sales
A2: 6488842 | B2: 6488842 | C2: 810016713715 | D2: AS-TBSH-BS-HB | E2: AquaSonic Black UltraSonic ToothBrush Ultimate Bundle | F2: 1020 | G2: 168 | H2: 396 | I2: 384 | J2: 864 | K2: 24 | L2: 12 | M2: 60 | N2: 12 | O2: 492 | P2: 36 | Q2: 612 | R2: 216 | S2: 576 | T2: 216 | U2: 324 | V2: 588 | W2: 744 | X2: 12 | Y2: 144 | Z2: 312 | AA2: 0 | AB2: 0 | AC2: 444 | AD2: 0 | AE2: 0 | AF2: 0 | AG2: 0 | AH2: 0 | AI2: 0 | AJ2: 0 | AK2: 0 | AL2: 0 | AM2: 0 | AN2: 0 | AO2: 0 | AP2: 0 | AQ2: 0 | AR2: 0 | AS2: 0 | AT2: 0 | AU2: 0 | CL2: 37.46 | CM2: =SUM(F2:CJ2) -> 7656 | CN2: =CL2*CM2 -> 286793.76
A3: 6488843 | B3: 6488843 | C3: 810016713722 | D3: AS-TBSH-DUOP-HB | E3: AquaSonic - Duo Series Pro Rechargeable Electric Toothbrush Ultimate Bundle | F3: 1008 | G3: 240 | H3: 112 | I3: 16 | J3: 248 | K3: 160 | L3: 248 | M3: 112 | N3: 176 | O3: 184 | P3: 72 | Q3: 520 | R3: 256 | S3: 112 | T3: 64 | U3: 384 | V3: 24 | W3: 320 | X3: 48 | Y3: 56 | Z3: 408 | AA3: 254 | AB3: 328 | AC3: 104 | AD3: 168 | AE3: 0 | AF3: 0 | AG3: 0 | AH3: 0 | AI3: 0 | AJ3: 0 | AK3: 0 | AL3: 0 | AM3: 0 | AN3: 0 | AO3: 0 | AP3: 0 | AQ3: 0 | AR3: 0 | AS3: 0 | AT3: 0 | AU3: 0 | CL3: 74.96 | CM3: =SUM(F3:CJ3) -> 5622 | CN3: =CL3*CM3 -> 421425.12
B4: 6488843 | C4: 810016713722 | D4: AS-TBSH-DUOP-HB | E4: AquaSonic - Duo Series Pro Rechargeable Electric Toothbrush Ultimate Bundle _ SPECIAL COST | F4: 0 | G4: 0 | H4: 0 | I4: 0 | J4: 0 | K4: 0 | L4: 0 | M4: 0 | N4: 0 | O4: 0 | P4: 0 | Q4: 0 | R4: 0 | S4: 0 | T4: 0 | U4: 0 | V4: 0 | W4: 0 | X4: 0 | Y4: 0 | Z4: 0 | AA4: 0 | AB4: 0 | AC4: 0 | AD4: 0 | AE4: 0 | AF4: 0 | AG4: 0 | AH4: 0 | AI4: 0 | AJ4: 1000 | AK4: 0 | AL4: 0 | AM4: 0 | AN4: 0 | AO4: 0 | AP4: 0 | AQ4: 0 | AR4: 0 | AS4: 0 | AT4: 0 | AU4: 0 | CL4: 60.16 | CM4: =SUM(F4:CJ4) -> 1000 | CN4: =CL4*CM4 -> 60160
B5: 6550471 | C5: 810016717096 | D5: AS-ELITE-BK | E5: Aquasonic Elite Series Electric Toothbrush - Black | F5: 0 | G5: 0 | H5: 0 | I5: 0 | J5: 0 | K5: 0 | L5: 0 | M5: 0 | N5: 0 | O5: 0 | P5: 0 | Q5: 0 | R5: 0 | S5: 0 | T5: 0 | U5: 0 | V5: 0 | W5: 0 | X5: 0 | Y5: 0 | Z5: 0 | AA5: 0 | AB5: 0 | AC5: 0 | AD5: 0 | AE5: 0 | AF5: 0 | AG5: 0 | AH5: 0 | AI5: 1344 | AJ5: 0 | AK5: 0 | AL5: 0 | AM5: 0 | AO5: 1200 | AP5: 36 | AQ5: 0 | AR5: 0 | AS5: 0 | AT5: 0 | AU5: 1440 | AV5: 468 | AW5: 372 | AX5: 456 | AY5: 468 | AZ5: 216 | BA5: 468 | BB5: 96 | BC5: 0 | BD5: 120 | BF5: 720 | BG5: 492 | BH5: 168 | BI5: 288 | BJ5: 804 | BK5: 764 | BL5: 0 | BM5: 720 | BN5: 1692 | BO5: 0 | BP5: 192 | BQ5: 612 | BR5: 708 | BS5: 384 | BT5: 0 | BU5: 1236 | BV5: 252 | BW5: 228 | BX5: 348 | BY5: 60 | BZ5: 0 | CA5: 108 | CB5: 492 | CC5: 324 | CD5: 0 | CE5: 504 | CF5: 444 | CG5: 252 | CH5: 24 | CL5: 37.46 | CM5: =SUM(F5:CJ5) -> 18500 | CN5: =CL5*CM5 -> 693010
B6: 6550544 | C6: 810016718178 | D6: AS-ELITE-DUO | E6: AquaSonic Elite Duo Series Electric Toothbrush Set | F6: 0 | G6: 0 | H6: 0 | I6: 0 | J6: 0 | K6: 0 | L6: 0 | M6: 0 | N6: 0 | O6: 0 | P6: 0 | Q6: 0 | R6: 0 | S6: 0 | T6: 0 | U6: 0 | V6: 0 | W6: 0 | X6: 0 | Y6: 0 | Z6: 0 | AA6: 0 | AB6: 0 | AC6: 0 | AD6: 0 | AE6: 0 | AF6: 0 | AG6: 0 | AH6: 0 | AI6: 0 | AJ6: 0 | AK6: 0 | AL6: 0 | AM6: 0 | AN6: 2190 | AO6: 312 | AP6: 396 | AQ6: 0 | AR6: 0 | AS6: 150 | AT6: 0 | AU6: 576 | AV6: 222 | AW6: 234 | AX6: 48 | AY6: 270 | AZ6: 150 | BA6: 348 | BB6: 366 | BC6: 48 | BD6: 0 | BF6: 336 | BG6: 570 | BH6: 96 | BI6: 294 | BJ6: 366 | BK6: 120 | BL6: 330 | BM6: 420 | BN6: 498 | BO6: 0 | BP6: 726 | BQ6: 1134 | BR6: 720 | BS6: 192 | BT6: 0 | BU6: 120 | BV6: 162 | BW6: 234 | BX6: 180 | BY6: 414 | BZ6: 0 | CA6: 108 | CB6: 72 | CC6: 294 | CD6: 0 | CE6: 0 | CF6: 0 | CG6: 588 | CH6: 66 | CL6: 67.46 | CM6: =SUM(F6:CJ6) -> 13350 | CN6: =CL6*CM6 -> 900591
B7: 6550477 | C7: 810016717362 | D7: AS-ICON-NV | E7: Aquasonic Icon ADA-Accepted Rechargeable Toothbrush (Navy) | F7: Aquasonic Icon ADA-Accepted Rechargeable Toothbrush | Magnetic Holder & Slim Travel Case (Navy) | BE7: 2100 | BI7: 360 | BJ7: 210 | BK7: 0 | BL7: 90 | BM7: 210 | BN7: 510 | BO7: 90 | BP7: 330 | BQ7: 660 | BR7: 390 | BS7: 90 | BT7: 0 | BU7: 0 | BV7: 0 | BW7: 810 | BX7: 210 | BY7: 120 | BZ7: 0 | CA7: 0 | CB7: 30 | CC7: 30 | CD7: 0 | CE7: 0 | CF7: 270 | CG7: 0 | CH7: 300 | CL7: 14.99 | CM7: =SUM(F7:CJ7) -> 6810 | CN7: =CL7*CM7 -> 102081.9
B8: 6552876 | C8: 810016718123 | D8: AS-ELITE-FLOS-BK | E8: AquaSonic Elite Flosser - Black | BE8: 2040 | BH8: 240 | BI8: 996 | BJ8: 936 | BK8: 420 | BL8: 1308 | BM8: 432 | BN8: 2364 | BO8: 240 | BP8: 1788 | BQ8: 1512 | BR8: 1320 | BS8: 492 | BT8: 0 | BU8: 2100 | BV8: 552 | BW8: 432 | BX8: 540 | BY8: 0 | BZ8: 624 | CA8: 564 | CB8: 588 | CC8: 252 | CD8: 72 | CE8: 132 | CF8: 336 | CG8: 240 | CH8: 276 | CL8: 37.46 | CM8: =SUM(F8:CJ8) -> 20796 | CN8: =CL8*CM8 -> 779018.16
B9: 6576717 | C9: 810016718857 | D9: AS-ELITE-FLOS-WH | E9: AquaSonic Elite Flosser - White | BY9: 1812 | BZ9: 0 | CA9: 0 | CB9: 948 | CC9: 372 | CD9: 0 | CE9: 0 | CF9: 0 | CG9: 0 | CH9: 36 | CL9: 37.46 | CM9: =SUM(F9:CJ9) -> 3168 | CN9: =CL9*CM9 -> 118673.28
F10: =SUM(F2:F8) -> 2028 | G10: =SUM(G2:G8) -> 408 | H10: =SUM(H2:H8) -> 508 | I10: =SUM(I2:I8) -> 400 | J10: =SUM(J2:J8) -> 1112 | K10: =SUM(K2:K8) -> 184 | L10: =SUM(L2:L8) -> 260 | M10: =SUM(M2:M8) -> 172 | ... BV10: =SUM(BV2:BV8) -> 966 | BW10: =SUM(BW2:BW9) -> 1704 | BX10: =SUM(BX2:BX9) -> 1278 | BY10: =SUM(BY2:BY9) -> 2406 | BZ10: =SUM(BZ2:BZ9) -> 624 | CA10: =SUM(CA2:CA9) -> 780 | CB10: =SUM(CB2:CB9) -> 2130 | CC10: =SUM(CC2:CC9) -> 1272 | CD10: =SUM(CD2:CD9) -> 72 | ... CJ10: =SUM(CJ2:CJ9) -> 0 | CM10: =SUM(CM2:CM8) -> 73734 | CN10: =SUM(CN2:CN8) -> 3243079.9
F22: `

Sheet Sales TOTAL
A1: BBY SKU | B1: UPC | C1: SDF Sell Thru (Online) | D1: Title | E1: 44275 | F1: 44282 | G1: 44289 | H1: 44296 | I1: 44303 | J1: 44310 | K1: 44317 | L1: 44324 | M1: 44331 | N1: 44338 | O1: 44345 | P1: 44352 | Q1: 44359 | R1: 44366 | S1: 44373 | T1: 44380 | U1: 44387 | V1: 44394 | W1: 44401 | X1: 44408 | Y1: 44415 | Z1: 44422 | AA1: 44429 | AB1: 44436 | AC1: 44443 | AD1: 44450 | AE1: 44457 | AF1: 44464 | AG1: 44471 | AH1: 44478 | AI1: 44485 | AJ1: 44492 | AK1: 44499 | AL1: 44506 | AM1: 44513 | AN1: 44520 | AO1: 44527 | AP1: 44534 | AQ1: 44541 | AR1: 44548 | AS1: 44555 | AT1: 44562 | AU1: 44569 | AV1: 44576 | AW1: 44583 | AX1: 44590 | AY1: 44597 | AZ1: 44604 | BA1: 44611 | BB1: 44618 | BC1: 44625 | BD1: 44632 | BE1: 44639 | BF1: 44646 | BG1: 44653 | BH1: 44660 | BI1: 44667 | BJ1: 44674 | BK1: 44681 | BL1: 44688 | BM1: 44695 | BN1: 44702 | BO1: 44709 | BP1: 44716 | BQ1: 44723 | BR1: 44730 | BS1: 44737 | BT1: 44744 | BU1: 44751 | BV1: 44758 | BW1: 44765 | BX1: 44772 | BY1: 44779 | BZ1: 44786 | CA1: 44793 | CB1: 44800 | CC1: 44807 | CD1: 44814 | CE1: 44821 | CF1: 44828 | CG1: 44835 | CH1: 44842 | CI1: 44849 | CJ1: 44856 | CK1: 44863 | CL1: 44870 | CM1: 44877 | CN1: 44884 | CO1: 44891 | CP1: 44898 | CQ1: 44905 | CR1: 44912 | CS1: 44919 | CT1: 44926 | CU1: 44933 | CV1: 44940 | CW1: 44947 | CX1: 44954 | CY1: 44961 | CZ1: 44968 | DA1: 44975 | DB1: 44982 | DC1: 44989 | DD1: 44996 | DE1: 45003 | DF1: 45010 | DG1: 45017 | DH1: 45024 | DI1: 45031 | DJ1: 45038 | DK1: 45045 | DL1: 45052 | DM1: 45059 | DN1: 45066 | DO1: 45073 | DP1: 45080 | DQ1: 45087 | DR1: 45094 | DS1: 45101 | DT1: 45108 | DU1: 45115 | DV1: 45122 | DW1: 45129 | DX1: 45136 | DY1: 45143 | DZ1: 45150 | EA1: 45157 | EB1: 45164 | EC1: 45171 | ED1: 45178 | EE1: 45185 | EF1: 45192 | EG1: 45199 | EH1: 45206 | EI1: 45213 | EJ1: 45220 | EK1: 45227 | EL1: 45234 | EM1: 45241 | EN1: 45248 | EO1: 45255 | EP1: 45262 | EQ1: 45269 | ER1: 45276 | ES1: 45283 | ET1: 45290 | EU1: 45297 | EV1: 45304 | EW1: 45311 | EX1: 45318 | EY1: 45325 | EZ1: 45332 | FA1: 45339 | FB1: 45346 | FC1: 45353 | FD1: 45360 | FE1: 45367 | FF1: 45374 | FG1: 45381 | FH1: 45388 | FI1: 45395 | FJ1: 45402 | FK1: 45409 | FL1: 45416 | FM1: 45423 | FN1: 45430 | FO1: 45437 | FP1: 45444 | FQ1: 45451 | FR1: 45458 | FS1: 45465 | FT1: 45472 | FU1: 45479 | FV1: 45486 | FW1: 45493 | FX1: 45500 | FY1: 45507 | FZ1: 45514 | GA1: 45521 | GB1: 45528 | GC1: 45535 | GD1: 45542 | GE1: 45549 | GF1: 45556 | GG1: 45563 | GH1: 45570 | GI1: 45577 | GJ1: 45584 | GK1: 45591 | GL1: 45598 | GM1: 45605 | GN1: 45612 | GO1: 45619 | GP1: 45626 | GQ1: 45633 | GR1: 45640 | GS1: 45647 | GT1: 45654 | GU1: 45661 | GV1: 45668 | GW1: 45675 | GX1: 45682 | GY1: 45689 | GZ1: 45696 | HA1: 45703 | HB1: 45710 | HC1: 45717 | HD1: 45724 | HE1: 45731 | HF1: 45738 | HG1: 45745 | HH1: 45752 | HI1: 45759 | HJ1: 45766 | HK1: 45773 | HL1: 45780 | HM1: 45787 | HN1: 45794 | HO1: 45801 | HP1: 45808 | HQ1: 45815 | HR1: 45822 | HS1: 45829 | HT1: 45836 | HU1: 45843 | HV1: 45850 | HW1: 45857 | HX1: 45864 | IW1: Units | IX1: BBY Cost | IY1: Sales at Cost | IZ1: MSRP | JA1: Sales at MSRP
A2: 6454800 | B2: 810016711094 | C2: AS-TBSH-DUOP | D2: AQUASONIC DUO PRO ULTRA TOOTHBRUSHES | E2: 1 | F2: 5 | G2: 13 | H2: 8 | I2: 8 | J2: 9 | K2: 2 | L2: 6 | M2: 231 | N2: 56 | O2: 5 | P2: 6 | Q2: 4 | R2: 3 | S2: 4 | T2: 6 | U2: 7 | V2: 2 | W2: 3 | X2: 6 | Y2: 10 | Z2: 10 | AA2: 6 | AH2: 5 | AI2: 3 | AJ2: 10 | AK2: 4 | AL2: 12 | AM2: 12 | IW2: =SUM(E2:HX2) -> 457 | IX2: 59.96 | IY2: =IW2*IX2 -> 27401.72 | IZ2: 79.95 | JA2: =IW2*IZ2 -> 36537.15
A3: 6454799 | B3: 810016710387 | C3: AS-FLOS-REG | D3: AQUA FLOSSER RCHRGBLE ORAL IRRIGATOR | E3: 2 | F3: 2 | G3: 3 | H3: 8 | I3: 6 | K3: 3 | L3: 9 | M3: 14 | N3: 8 | O3: 7 | P3: 10 | Q3: 2 | R3: 4 | S3: 2 | T3: 3 | U3: 6 | V3: 1 | W3: 3 | X3: 2 | Y3: 4 | Z3: 3 | AA3: 5 | AB3: 3 | AC3: 3 | AD3: 5 | AE3: 5 | AF3: 3 | AG3: 1 | AH3: 8 | AI3: 4 | AJ3: 1 | AK3: 6 | AL3: 6 | AM3: 2 | AN3: 2 | AO3: 7 | AP3: 10 | AQ3: 16 | AR3: 8 | AS3: 8 | AT3: 4 | AU3: 3 | BI3: 7 | BJ3: 2 | BK3: 4 | BL3: 6 | BM3: 2 | BN3: 4 | BO3: 6 | BP3: 3 | BQ3: 6 | BR3: 2 | BS3: 1 | BT3: 1 | BU3: 6 | BV3: 4 | BW3: 5 | BX3: 4 | BY3: 3 | BZ3: 4 | CA3: 3 | CB3: 6 | CC3: 8 | CD3: 4 | CE3: 5 | CF3: 4 | CG3: 9 | CH3: 2 | CI3: 14 | CJ3: 7 | CK3: 7 | CL3: 1 | CM3: 5 | CN3: 5 | CO3: 1 | CQ3: 10 | CR3: 33 | CS3: 28 | CT3: 9 | CU3: 17 | CV3: 20 | CW3: 15 | IW3: =SUM(E3:HX3) -> 495 | IX3: 29.99 | IY3: =IW3*IX3 -> 14845.05 | IZ3: 39.95 | JA3: =IW3*IZ3 -> 19775.25
A4: 6454802 | B4: 810016710240 | C4: AS-HDSC-SET | D4: COMPLETE FAMILY ORAL CARE | E4: 2 | F4: 1 | G4: 10 | H4: 16 | I4: 19 | J4: 11 | K4: 6 | L4: 16 | M4: 13 | N4: 26 | O4: 32 | P4: 18 | Q4: 13 | R4: 5 | S4: 13 | T4: 17 | U4: 5 | V4: 8 | W4: 6 | X4: 8 | Y4: 7 | Z4: 7 | AA4: 8 | AB4: 8 | AC4: 9 | AD4: 11 | AE4: 7 | AF4: 7 | AG4: 12 | AH4: 8 | AI4: 4 | AJ4: 7 | AK4: 5 | AL4: 7 | AN4: 2 | AO4: 18 | AP4: 22 | AY4: 1 | AZ4: 4 | BE4: 1 | BF4: 5 | BG4: 4 | BH4: 7 | BI4: 5 | BJ4: 4 | BK4: 1 | CH4: 4 | CI4: 3 | CJ4: 3 | CK4: 10 | CL4: 9 | CM4: 13 | CN4: 24 | CO4: 17 | CP4: 39 | CQ4: 47 | CR4: 10 | DB4: 3 | DC4: 10 | DD4: 2 | DE4: 4 | DF4: 5 | DG4: 7 | DH4: 4 | DI4: 7 | DJ4: 9 | DK4: 3 | DL4: 11 | DM4: 11 | DN4: 10 | DO4: 10 | DP4: 1 | DQ4: 3 | DR4: 12 | DS4: 9 | DT4: 8 | DU4: 9 | DV4: 8 | IW4: =SUM(E4:HX4) -> 751 | IX4: 37.46 | IY4: =IW4*IX4 -> 28132.46 | IZ4: 49.95 | JA4: =IW4*IZ4 -> 37512.45
A5: 6454807 | B5: 810016710196 | C5: AS-FLOS-PRO | D5: AQUASONIC AQUA FLOSSER PRO | S5: 2 | T5: 1 | U5: 3 | V5: 1 | Z5: 2 | AA5: 1 | AD5: 1 | AE5: 2 | AF5: 2 | AI5: 1 | AJ5: 16 | AN5: 2 | AP5: 1 | AR5: 7 | AS5: 1 | AV5: 4 | AW5: 3 | AX5: 5 | AZ5: 2 | BA5: 3 | BB5: 1 | BC5: 1 | BI5: 1 | BK5: 2 | BM5: 1 | IW5: =SUM(E5:HX5) -> 66 | IX5: 37.49 | IY5: =IW5*IX5 -> 2474.34 | IZ5: 49.95 | JA5: =IW5*IZ5 -> 3296.7
A6: 6454806 | B6: 810016710127 | C6: AS-TBSH-BS | D6: AQUASONIC BLACK ULTRA SONIC TOOTHBRUSH | E6: 5 | F6: 7 | G6: 14 | H6: 30 | I6: 257 | J6: 21 | K6: 8 | L6: 9 | M6: 18 | N6: 23 | O6: 19 | P6: 8 | Q6: 3 | S6: 14 | T6: 34 | U6: 13 | V6: 12 | W6: 12 | X6: 1 | Y6: 10 | Z6: 207 | AA6: 235 | AB6: 17 | AC6: 24 | AD6: 10 | AG6: 5 | AH6: 18 | AI6: 14 | AK6: 23 | AL6: 26 | AM6: 14 | IW6: =SUM(E6:HX6) -> 1111 | IX6: 27.71 | IY6: =IW6*IX6 -> 30785.81 | IZ6: 36.95 | JA6: =IW6*IZ6 -> 41051.45
A7: 6454803 | B7: 810016710110 | C7: AS-TBSH-DUO | D7: AQUASONIC DUO ULTRA TOOTHBRUSHES | E7: 1 | F7: 2 | G7: 1 | H7: 3 | I7: 12 | J7: 4 | K7: 4 | L7: 3 | M7: 8 | N7: 3 | O7: 4 | P7: 2 | Q7: 1 | R7: 1 | S7: 8 | T7: 10 | U7: 4 | V7: 2 | W7: 2 | X7: 3 | Y7: 19 | Z7: 12 | AA7: 8 | AG7: 2 | AH7: 6 | AI7: 8 | AJ7: 8 | AK7: 3 | AL7: 11 | AM7: 12 | AN7: 26 | AO7: 47 | AP7: 52 | AQ7: 49 | AR7: 60 | AS7: 20 | AT7: 26 | AU7: 22 | AV7: 30 | AW7: 12 | AY7: 1 | AZ7: 9 | BA7: 3 | BB7: 11 | BC7: 3 | BD7: 4 | BE7: 19 | BF7: 14 | BG7: 7 | BH7: 8 | BI7: 13 | BJ7: 6 | BK7: 9 | BL7: 12 | BM7: 11 | BN7: 20 | BO7: 10 | BP7: 23 | BQ7: 14 | BR7: 9 | BS7: 11 | BT7: 15 | BU7: 6 | BV7: 5 | BX7: 11 | BY7: 2 | BZ7: 7 | CA7: 13 | CB7: 20 | CC7: 8 | CD7: 16 | CE7: 14 | CF7: 19 | CG7: 17 | CH7: 29 | CI7: 40 | CJ7: 7 | CK7: 26 | CL7: 16 | CM7: 24 | CN7: 21 | CO7: 15 | CP7: 25 | CQ7: 29 | CR7: 65 | CS7: 74 | CT7: 27 | CU7: 17 | CV7: 15 | CW7: 21 | CX7: 39 | CY7: 27 | DC7: 8 | DD7: 17 | DE7: 9 | DF7: 21 | DG7: 11 | DH7: 15 | DI7: 8 | DJ7: 14 | DK7: 13 | DL7: 12 | DM7: 10 | DN7: 16 | DO7: 16 | DP7: 13 | DQ7: 2 | DR7: 4 | DS7: 17 | DT7: 3 | DU7: 7 | DV7: 17 | DW7: 17 | DX7: 12 | DY7: 9 | DZ7: 12 | EA7: 17 | EB7: 4 | EC7: 12 | ED7: 12 | EE7: 5 | EF7: 11 | EG7: 13 | EH7: 12 | EI7: 8 | EJ7: 7 | EK7: 14 | EL7: 10 | EM7: 5 | IW7: =SUM(E7:HX7) -> 1811 | IX7: 37.46 | IY7: =IW7*IX7 -> 67840.06 | IZ7: 49.95 | JA7: =IW7*IZ7 -> 90459.45
A8: 6454805 | B8: 810016710066 | C8: AS-TBSH-CH | D8: AQUASONIC VIBE ULTRA TOOTHBRUSH CHARCL | F8: 1 | G8: 2 | H8: 14 | I8: 258 | J8: 79 | K8: 7 | L8: 7 | M8: 11 | N8: 13 | O8: 6 | P8: 8 | Q8: 4 | R8: 2 | S8: 10 | T8: 7 | U8: 9 | V8: 6 | W8: 3 | X8: 7 | Y8: 1 | AA8: 1 | AZ8: 8 | BA8: 2 | BB8: 5 | IW8: =SUM(E8:HX8) -> 471 | IX8: 27.71 | IY8: =IW8*IX8 -> 13051.41 | IZ8: 36.95 | JA8: =IW8*IZ8 -> 17403.45
A9: 6454808 | B9: 810016710059 | C9: AS-TBSH-RG | D9: AQUASONIC VIBE ULTRA TOOTHBRUSH-RSGLD | G9: 2 | H9: 94 | I9: 156 | J9: 26 | K9: 4 | L9: 5 | M9: 6 | N9: 9 | O9: 11 | P9: 16 | Q9: 10 | R9: 3 | S9: 10 | T9: 8 | U9: 5 | V9: 10 | W9: 8 | X9: 12 | Y9: 12 | Z9: 13 | AA9: 19 | AB9: 16 | AN9: 11 | AO9: 28 | AP9: 40 | AQ9: 42 | AR9: 50 | AS9: 39 | AT9: 17 | AY9: 4 | AZ9: 14 | BA9: 22 | BB9: 6 | BG9: 2 | BP9: 5 | DC9: 5 | IW9: =SUM(E9:HX9) -> 740 | IX9: 27.71 | IY9: =IW9*IX9 -> 20505.4 | IZ9: 36.95 | JA9: =IW9*IZ9 -> 27343
A10: 6454798 | B10: 810016710042 | C10: AS-TBSH-WH | D10: AQUASONIC VIBE ULTRA TOOTHBRUSH-WHITE | E10: 2 | H10: 7 | I10: 40 | J10: 212 | K10: 6 | L10: 4 | N10: 1 | O10: 1 | V10: 5 | W10: 2 | X10: 5 | Y10: 4 | Z10: 2 | AA10: 4 | AB10: 10 | AC10: 10 | AD10: 13 | AE10: 16 | AF10: 3 | AZ10: 1 | BB10: 4 | BO10: 2 | BP10: 1 | IW10: =SUM(E10:HX10) -> 355 | IX10: 27.71 | IY10: =IW10*IX10 -> 9837.05 | IZ10: 36.95 | JA10: =IW10*IZ10 -> 13117.25
A11: 6454801 | B11: 810016710004 | C11: AS-TBSH-PLUS | D11: AQUASONIC BLACK SERIES PLUS TOOTHBRUSH | F11: 2 | G11: 2 | H11: 6 | I11: 256 | J11: 11 | K11: 6 | L11: 9 | M11: 16 | N11: 5 | O11: 17 | P11: 12 | Q11: 12 | R11: 9 | S11: 81 | T11: 45 | U11: 13 | V11: 13 | W11: 12 | X11: 12 | Y11: 15 | Z11: 15 | AA11: 14 | AB11: 17 | AC11: 15 | AD11: 10 | AZ11: 8 | BA11: 1 | BN11: 4 | BO11: 3 | BP11: 3 | BQ11: 1 | BR11: 6 | BS11: 6 | BT11: 3 | BU11: 3 | BV11: 8 | BW11: 13 | CA11: 4 | CB11: 5 | CC11: 5 | CD11: 3 | CE11: 6 | CF11: 3 | CG11: 7 | CH11: 9 | CI11: 5 | CJ11: 6 | CK11: 12 | CL11: 7 | CM11: 6 | CN11: 9 | CO11: 6 | CP11: 16 | CQ11: 4 | CR11: 23 | CS11: 4 | CT11: 5 | CU11: 5 | CV11: 5 | CW11: 5 | CX11: 12 | CY11: 11 | CZ11: 7 | DA11: 8 | DB11: 15 | DC11: 13 | DD11: 6 | DE11: 3 | DF11: 7 | DG11: 3 | DH11: 7 | DI11: 1 | DJ11: 4 | DK11: 6 | DL11: 2 | DM11: 169 | DN11: 6 | DO11: 3 | IW11: =SUM(E11:HX11) -> 1127 | IX11: 37.49 | IY11: =IW11*IX11 -> 42251.23 | IZ11: 49.95 | JA11: =IW11*IZ11 -> 56293.65
C12: AS-TBSH-BS-HB | D12: AquaSonic Black UltraSonic ToothBrush Ultimate Bundle | AN12: 18 | AO12: 28 | AP12: 38 | AQ12: 39 | AR12: 61 | AS12: 46 | AT12: 52 | AU12: 37 | AV12: 24 | AW12: 10 | AX12: 19 | AY12: 11 | AZ12: 29 | BA12: 312 | BB12: 14 | BC12: 24 | BD12: 24 | BE12: 331 | BG12: 8 | BH12: 27 | BI12: 29 | BJ12: 10 | BK12: 7 | BL12: 267 | BM12: 116 | BN12: 26 | BO12: 1 | BP12: 334 | BQ12: 36 | BR12: 19 | BS12: 10 | BT12: 12 | BU12: 29 | BV12: 26 | BW12: 20 | BX12: 15 | BY12: 45 | BZ12: 23 | CA12: 9 | CB12: 232 | CC12: 82 | CD12: 31 | CE12: 11 | CF12: 10 | CG12: 10 | CH12: Moved to Core | IW12: =SUM(E12:HX12) -> 2562 | IX12: 37.46 | IY12: =IW12*IX12 -> 95972.52 | IZ12: 49.95 | JA12: =IW12*IZ12 -> 127971.9
C13: AS-TBSH-DUOP-HB | D13: AquaSonic - Duo Series Pro Rechargeable Electric Toothbrush Ultimate Bundle | AN13: 5 | AO13: 23 | AP13: 19 | AQ13: 28 | AR13: 42 | AS13: 43 | AT13: 486 | AU13: 15 | AV13: 14 | AW13: 48 | AX13: 459 | AY13: 30 | AZ13: 14 | BA13: 10 | BB13: 38 | BC13: 14 | BD13: 10 | BE13: 15 | BF13: 33 | BG13: 16 | BH13: 12 | BI13: 306 | BJ13: 23 | BK13: 23 | BL13: 20 | BM13: 10 | BN13: 307 | BO13: 34 | BP13: 31 | BQ13: 10 | BR13: 8 | BS13: 10 | BT13: 112 | BU13: 10 | BV13: 111 | BW13: 18 | BX13: 31 | BY13: 19 | BZ13: 16 | CA13: 240 | CB13: 25 | CC13: 14 | CD13: 285 | CE13: 11 | CF13: 8 | CG13: 12 | CH13: Moved to Core | ED13: 4 | IW13: =SUM(E13:HX13) -> 3072 | IX13: 74.96 | IY13: =IW13*IX13 -> 230277.12 | IZ13: 99.95 | JA13: =IW13*IZ13 -> 307046.4
C14: BBY-AS-TBSH-RG | D14: AquaSonic - Ultrasonic Rechargeable Electric Toothbrush Ultimate Bundle - Rose Gold | E14: V+VLOOKUP(B82,'[AQUASONIC_SV-CORE_CPFR_EXTRACT_SV_1234_20250929115416.xlsx]Sheet3'!$A:$K,11,False) | BE14: 2 | BF14: 8 | BG14: 5 | BI14: 83 | BJ14: 4 | BK14: 10 | BL14: 2 | BM14: 15 | BN14: 2 | BO14: 5 | BQ14: 5 | BR14: 3 | BS14: 3 | BT14: 2 | BU14: 4 | BV14: 2 | BX14: 4 | BY14: 7 | BZ14: 6 | CA14: 4 | CB14: 10 | CC14: 4 | CD14: 6 | CE14: 2 | CF14: 2 | CG14: 2 | CH14: 2 | CI14: 6 | CJ14: 7 | CL14: 15 | CM14: 6 | CN14: 8 | CO14: 5 | CP14: 29 | CQ14: 20 | CR14: 39 | CS14: 58 | CT14: 11 | CU14: 10 | CV14: 7 | CW14: 9 | CX14: 15 | CY14: 6 | CZ14: 16 | DA14: 16 | DB14: 23 | DD14: 5 | DE14: 9 | DF14: 5 | DG14: 3 | DH14: 2 | DI14: 7 | DJ14: 5 | DK14: 2 | DL14: 2 | DM14: 3 | DN14: 5 | DO14: 3 | DP14: 4 | DQ14: 4 | DR14: 4 | DS14: 7 | DT14: 2 | DU14: 2 | DV14: 4 | DW14: 7 | DX14: 10 | DY14: 6 | DZ14: 3 | EC14: 7 | IW14: =SUM(E14:HX14) -> 621 | IX14: 37.46 | IY14: =IW14*IX14 -> 23262.66 | IZ14: 49.95 | JA14: =IW14*IZ14 -> 31018.95
C15: BBY-AS-TBSH-CH | D15: AquaSonic - Ultrasonic Rechargeable Electric Toothbrush Ultimate Bundle - Charcoal Metallic | BE15: 4 | BF15: 6 | BG15: 5 | BH15: 12 | BI15: 98 | BJ15: 4 | BK15: 1 | BL15: 3 | BM15: 6 | BN15: 4 | BP15: 3 | BQ15: 12 | BR15: 2 | BT15: 2 | BU15: 2 | BV15: 2 | BW15: 3 | BX15: 3 | BY15: 1 | BZ15: 4 | CA15: 2 | CB15: 7 | CD15: 4 | CE15: 5 | CF15: 7 | CG15: 1 | CH15: 4 | CI15: 5 | CJ15: 7 | CK15: 4 | CN15: 2 | CO15: 3 | CP15: 13 | CQ15: 13 | CR15: 17 | CU15: 1 | CV15: 25 | CW15: 6 | CX15: 11 | CY15: 3 | CZ15: 2 | DA15: 6 | DB15: 14 | DC15: 2 | DD15: 8 | DE15: 5 | DF15: 2 | DG15: 4 | DH15: 3 | DI15: 6 | DJ15: 3 | DL15: 3 | DM15: 2 | DN15: 3 | DO15: 3 | DP15: 2 | DQ15: 2 | DR15: 7 | DS15: 8 | DT15: 5 | DU15: 1 | DV15: 2 | DW15: 2 | DX15: 7 | DY15: 6 | DZ15: 3 | IW15: =SUM(E15:HX15) -> 428 | IX15: 37.46 | IY15: =IW15*IX15 -> 16032.88 | IZ15: 49.95 | JA15: =IW15*IZ15 -> 21378.6
C16: BBY-AS-TBSH-WH | D16: AquaSonic - Ultrasonic Rechargeable Electric Toothbrush Ultimate Bundle - Optic White | BF16: 1 | BI16: 16 | BK16: 1 | BM16: 2 | BN16: 1 | BQ16: 5 | BS16: 1 | BW16: 3 | BX16: 1 | BY16: 1 | BZ16: 1 | CA16: 1 | CB16: 1 | CC16: 1 | CG16: 1 | CH16: 2 | CI16: 1 | CJ16: 2 | CL16: 8 | CM16: 2 | CN16: 3 | CO16: 6 | CP16: 7 | CQ16: 6 | CR16: 17 | CS16: 14 | CT16: 4 | CU16: 8 | CV16: 15 | CX16: 1 | DE16: 1 | DH16: 4 | DI16: 2 | DK16: 2 | DL16: 1 | DM16: 2 | DO16: 1 | DQ16: 1 | DR16: 1 | DT16: 2 | DU16: 3 | DV16: 2 | DW16: 1 | DX16: 1 | DY16: 3 | IW16: =SUM(E16:HX16) -> 160 | IX16: 37.46 | IY16: =IW16*IX16 -> 5993.6 | IZ16: 49.95 | JA16: =IW16*IZ16 -> 7992
C17: BBY-AS-PLSE-BK | D17: Aquasonic - Sonic Rechargeable Electric Toothbrush with Activated Charcoal Whitening Bristles - Midnight Black | BE17: 2 | BF17: 2 | BG17: 3 | BH17: 1 | BI17: 4 | BJ17: 48 | BK17: 3 | BS17: 6 | BT17: 2 | BU17: 4 | BV17: 14 | BW17: 203 | CB17: 169 | CD17: 1 | CE17: 5 | CF17: 2 | CG17: 3 | CH17: 5 | CI17: 4 | CJ17: 1 | CK17: 2 | CL17: 1 | CM17: 2 | CN17: 2 | CO17: 1 | CP17: 4 | CQ17: 4 | CR17: 11 | CS17: 8 | CT17: 4 | CU17: 2 | CV17: 4 | CW17: 7 | CX17: 1 | CY17: 3 | CZ17: 4 | DA17: 5 | DB17: 2 | DC17: 5 | DD17: 3 | DG17: 3 | DI17: 2 | DJ17: 2 | DK17: 1 | DL17: 2 | DO17: 3 | DP17: 2 | DQ17: 3 | DR17: 2 | DS17: 5 | DT17: 1 | DU17: 1 | DV17: 1 | DW17: 2 | DZ17: 2 | EB17: 87 | EC17: 1 | ED17: 2 | EF17: 109 | EG17: 1 | EJ17: 1 | EK17: 3 | EL17: 1 | EM17: 2 | EO17: 3 | EP17: 4 | EQ17: 6 | ER17: 18 | ES17: 4 | ET17: 3 | EV17: 1 | EW17: 1 | EX17: 4 | EY17: 6 | EZ17: 1 | FA17: 1 | IW17: =SUM(E17:HX17) -> 848 | IX17: 22.46 | IY17: =IW17*IX17 -> 19046.08 | IZ17: 29.95 | JA17: =IW17*IZ17 -> 25397.6
C18: BBY-AS-PLSE-WH | D18: Aquasonic - Sonic Rechargeable Electric Toothbrush with Activated Charcoal Whitening Bristles - Optic White | BF18: 1 | BG18: 1 | BH18: 1 | BJ18: 39 | BK18: 4 | BL18: 3 | BN18: 2 | BO18: 1 | BQ18: 1 | BR18: 1 | BS18: 1 | BT18: 4 | BU18: 2 | BV18: 8 | BW18: 64 | BX18: 2 | BY18: 2 | BZ18: 1 | CA18: 3 | CB18: 61 | CC18: 3 | CD18: 6 | CE18: 2 | CF18: 1 | CG18: 1 | CH18: 3 | CK18: 1 | CP18: 5 | CQ18: 1 | CR18: 4 | CS18: 2 | CU18: 1 | CV18: 3 | CW18: 2 | CX18: 1 | DC18: 2 | DD18: 2 | DG18: 1 | DH18: 1 | DI18: 1 | DM18: 1 | DO18: 7 | DT18: 1 | DU18: 1 | DX18: 1 | DY18: 1 | DZ18: 2 | EA18: 1 | EB18: 51 | EF18: 54 | EI18: 1 | EK18: 2 | EL18: 1 | EM18: 1 | EN18: 2 | EO18: 2 | EP18: 1 | EQ18: 2 | ER18: 4 | ES18: 2 | EW18: 2 | EX18: 2 | EZ18: 1 | FA18: 2 | IW18: =SUM(E18:HX18) -> 390 | IX18: 22.46 | IY18: =IW18*IX18 -> 8759.4 | IZ18: 29.95 | JA18: =IW18*IZ18 -> 11680.5
C19: BBY-AS-PLSE-RG | D19: Aquasonic - Sonic Rechargeable Electric Toothbrush with Activated Charcoal Whitening Bristles - Rose Gold | BE19: 3 | BH19: 6 | BI19: 2 | BJ19: 34 | BK19: 4 | BL19: 2 | BM19: 2 | BO19: 3 | BR19: 2 | BS19: 2 | BT19: 2 | BU19: 5 | BV19: 15 | BW19: 87 | BX19: 5 | BY19: 2 | BZ19: 4 | CA19: 1 | CB19: 84 | CC19: 1 | CD19: 4 | CE19: 6 | CF19: 3 | CG19: 2 | CH19: 6 | CI19: 2 | CJ19: 2 | CK19: 4 | CL19: 1 | CN19: 2 | CP19: 8 | CQ19: 4 | CR19: 9 | CS19: 4 | CT19: 2 | CU19: 4 | CV19: 1 | CW19: 7 | CY19: 2 | CZ19: 1 | DA19: 1 | DB19: 1 | DC19: 5 | DD19: 4 | DE19: 1 | DG19: 5 | DH19: 1 | DI19: 1 | DJ19: 3 | DK19: 1 | DM19: 3 | DN19: 1 | DO19: 2 | DP19: 2 | DS19: 1 | DT19: 2 | DU19: 3 | DV19: 1 | DX19: 1 | DY19: 3 | DZ19: 1 | EB19: 78 | EC19: 1 | ED19: 2 | EE19: 1 | EF19: 99 | EI19: 1 | EK19: 1 | EM19: 2 | EN19: 2 | EO19: 3 | EP19: 7 | EQ19: 7 | ER19: 7 | ES19: 2 | ET19: 4 | EU19: 2 | EV19: 5 | EW19: 1 | EX19: 7 | EY19: 3 | EZ19: 1 | FA19: 1 | IW19: =SUM(E19:HX19) -> 620 | IX19: 22.46 | IY19: =IW19*IX19 -> 13925.2 | IZ19: 29.95 | JA19: =IW19*IZ19 -> 18569
C20: AS-HEADC-PRO-WH | D20: AquaSonic - Activated Charcoal Vibe, Black Series, Pro Series, Duo Pro Replacement Brush Heads (2-Pack) - White | BJ20: 1 | BQ20: 1 | BU20: 1 | CB20: 1 | CC20: 1 | IW20: =SUM(E20:HX20) -> 5 | IX20: 11.2 | IY20: =IW20*IX20 -> 56 | IZ20: 14.95 | JA20: =IW20*IZ20 -> 74.75
C21: AS-HEAD-DUOP | D21: AQUASONIC DUO PRO 8-PACK BRUSH HEADS | BE21: 3 | BF21: 4 | BG21: 1 | BH21: 2 | BI21: 5 | BJ21: 3 | BK21: 2 | BL21: 3 | BM21: 1 | BN21: 4 | BO21: 2 | BP21: 3 | BQ21: 1 | BR21: 2 | BT21: 6 | BU21: 2 | BV21: 2 | BW21: 3 | BX21: 3 | BY21: 4 | BZ21: 4 | CA21: 3 | CB21: 7 | CC21: 2 | CD21: 2 | CE21: 3 | CF21: 3 | CH21: 2 | CJ21: 2 | CK21: 9 | CL21: 4 | CM21: 1 | CN21: 2 | CQ21: 6 | CR21: 2 | CS21: 6 | CT21: 7 | CU21: 6 | CV21: 6 | CW21: 8 | CX21: 9 | CY21: 2 | CZ21: 5 | DA21: 3 | DB21: 1 | DC21: 3 | DD21: 4 | DE21: 5 | DF21: 2 | DG21: 3 | DH21: 3 | DI21: 1 | DJ21: 1 | DK21: 4 | DL21: 5 | DM21: 8 | DN21: 5 | DO21: 11 | DP21: 1 | DQ21: 6 | DR21: 4 | DS21: 2 | DT21: 7 | DU21: 1 | DV21: 6 | DW21: 3 | DX21: 4 | DY21: 3 | DZ21: 2 | IW21: =SUM(E21:HX21) -> 255 | IX21: 18.71 | IY21: =IW21*IX21 -> 4771.05 | IZ21: 24.95 | JA21: =IW21*IZ21 -> 6362.25
C22: AS-HEADC-PLS-BK | D22: AquaSonic - Activated Charcoal Pulse Replacement Brush Heads (2-Pack) - Black | BE22: 1 | BG22: 1 | BH22: 1 | BI22: 2 | BJ22: 1 | BV22: 1 | BW22: 4 | CA22: 2 | CB22: 4 | CE22: 1 | CF22: 1 | CG22: 1 | CH22: 3 | CJ22: 2 | CL22: 1 | CN22: 3 | CP22: 3 | CR22: 6 | CS22: 5 | CT22: 3 | CW22: 1 | CX22: 1 | CZ22: 1 | DA22: 2 | DI22: 4 | DJ22: 1 | DO22: 1 | DW22: 2 | DX22: 4 | DZ22: 4 | EA22: 1 | EC22: 2 | EF22: 1 | EG22: 2 | EH22: 1 | EL22: 1 | EO22: 1 | EW22: 1 | EY22: 6 | EZ22: 1 | FA22: 2 | IW22: =SUM(E22:HX22) -> 86 | IX22: 7.46 | IY22: =IW22*IX22 -> 641.56 | IZ22: 9.95 | JA22: =IW22*IZ22 -> 855.7
C23: AS-HEADC-PLS-WH | D23: AquaSonic - Activated Charcoal Pulse Replacement Brush Heads (2-Pack) - White | BH23: 1 | BU23: 2 | BV23: 1 | BW23: 1 | BZ23: 2 | CB23: 1 | CC23: 1 | CE23: 1 | DB23: 2 | IW23: =SUM(E23:HX23) -> 12 | IX23: 7.46 | IY23: =IW23*IX23 -> 89.52 | IZ23: 9.95 | JA23: =IW23*IZ23 -> 119.4
C24: BBY-PDC-NANO-5PC | D24: NanoSteamer - Large 3-in-1 Nano Ionic Facial Steamer with Bonus 5 Piece Stainless Steel Skin Kit | BJ24: 2 | BK24: 1 | BL24: 214 | BM24: 4 | BN24: 6 | BO24: 6 | BP24: 3 | BQ24: 4 | BR24: 6 | BS24: 4 | BT24: 71 | BU24: 10 | BV24: 6 | BW24: 14 | BX24: 11 | BY24: 6 | BZ24: 6 | CA24: 7 | CB24: 4 | CC24: 8 | CD24: 6 | CE24: 8 | CF24: 5 | CG24: 8 | CH24: 6 | CI24: 7 | CJ24: 10 | CK24: 6 | CL24: 7 | CM24: 6 | CN24: 20 | CO24: 11 | CP24: 32 | CQ24: 54 | CR24: 131 | CS24: 221 | CT24: 18 | CU24: 15 | CV24: 14 | CW24: 14 | CX24: 5 | CY24: 9 | CZ24: 9 | DA24: 11 | DB24: 6 | DC24: 4 | DD24: 4 | DE24: 7 | DF24: 9 | DG24: 5 | DH24: 5 | DI24: 1 | DJ24: 1 | DM24: 5 | DN24: 5 | DP24: 1 | DQ24: 2 | DR24: 9 | DS24: 4 | DT24: 1 | DV24: 2 | DX24: 2 | DY24: 4 | DZ24: 2 | EA24: 1 | EB24: 6 | EC24: 3 | ED24: 4 | EE24: 2 | EG24: 1 | ER24: 10 | ES24: 6 | EU24: 2 | EV24: 5 | EW24: 6 | EY24: 4 | EZ24: 3 | FA24: 3 | IW24: =SUM(E24:HX24) -> 1161 | IX24: 39.96 | IY24: =IW24*IX24 -> 46393.56 | IZ24: 49.95 | JA24: =IW24*IZ24 -> 57991.95
C25: BBY-PDC-DERM-CLNC | D25: NuDerma Clinical Skin Therapy Wand - Portable Handheld High Frequency Skin Therapy Machine w 6 FUSION Neon + Argon Wands - Natural Acne Treatment - Skin Tightening - Wrinkle Reducing - Facial Skin | BK25: 10 | BL25: 15 | BM25: 3 | BN25: 1 | BO25: 4 | BP25: 8 | BQ25: 4 | BR25: 6 | BS25: 5 | BT25: 3 | BU25: 3 | BV25: 5 | BW25: 3 | BX25: 4 | BY25: 2 | BZ25: 3 | CA25: 3 | CB25: 5 | CD25: 5 | CE25: 2 | CF25: 1 | CG25: 2 | CH25: 4 | CI25: 3 | CJ25: 5 | CK25: 5 | CL25: 2 | CM25: 7 | CN25: 3 | CO25: 3 | CP25: 7 | CQ25: 2 | CR25: 14 | CS25: 25 | CT25: 14 | CU25: 8 | CV25: 8 | CW25: 3 | CX25: 3 | CY25: 5 | CZ25: 4 | DA25: 1 | DB25: 6 | DC25: 10 | DD25: 6 | DE25: 3 | DF25: 6 | DG25: 2 | DH25: 1 | DI25: 9 | DJ25: 3 | DK25: 3 | DL25: 4 | DM25: 2 | DN25: 4 | DO25: 2 | DP25: 1 | DS25: 2 | DT25: 5 | DU25: 1 | DV25: 1 | DX25: 1 | DY25: 5 | DZ25: 2 | EA25: 4 | EB25: 5 | EC25: 1 | ED25: 2 | EE25: 1 | EF25: 2 | EG25: 2 | EI25: 3 | EJ25: 4 | EK25: 1 | EL25: 3 | EM25: 3 | EN25: 3 | EP25: 3 | ER25: 1 | ES25: 14 | IW25: =SUM(E25:HX25) -> 354 | IX25: 95.96 | IY25: =IW25*IX25 -> 33969.84 | IZ25: 119.95 | JA25: =IW25*IZ25 -> 42462.3
C26: BBY-PDC-DERM-PRO | D26: NuDerma Professional Skin Therapy Wand - Portable Handheld High Frequency Skin Therapy Machine with 6 Neon & Argon Wands - Acne Treatment - Skin Tightening - Wrinkle Reducing – Facial Skin Lifter | BK26: 1 | BL26: 7 | BM26: 2 | BN26: 3 | BO26: 10 | BP26: 4 | BQ26: 8 | BR26: 4 | BS26: 5 | BT26: 3 | CH26: 2 | CI26: 1 | CJ26: 3 | CK26: 1 | CL26: 3 | CM26: 4 | CN26: 7 | CO26: 5 | CP26: 14 | CQ26: 26 | CR26: 23 | CS26: 30 | CT26: 10 | CU26: 7 | CV26: 6 | CW26: 7 | CX26: 5 | DY26: 1 | DZ26: 5 | EA26: 7 | EB26: 3 | EC26: 2 | EF26: 1 | EG26: 3 | EH26: 4 | EK26: 1 | EL26: 3 | EM26: 1 | EN26: 1 | IW26: =SUM(E26:HX26) -> 233 | IX26: 63.96 | IY26: =IW26*IX26 -> 14902.68 | IZ26: 79.95 | JA26: =IW26*IZ26 -> 18628.35
C27: BBY-PDC-HALO-SLV | D27: Halo Face Cleansing Brush with Red & Blue LED Light | BK27: 6 | BL27: 7 | BM27: 4 | BN27: 4 | BO27: 5 | BP27: 2 | BQ27: 5 | BR27: 3 | BS27: 1 | BT27: 3 | BU27: 6 | BV27: 2 | BW27: 10 | BX27: 7 | BY27: 3 | BZ27: 3 | CA27: 7 | CB27: 6 | CC27: 7 | CD27: 8 | CE27: 3 | CF27: 3 | CG27: 3 | CH27: 5 | CI27: 4 | CJ27: 3 | CK27: 2 | CL27: 9 | CM27: 2 | CN27: 5 | CO27: 10 | CP27: 11 | IW27: =SUM(E27:HX27) -> 159 | IX27: 31.96 | IY27: =IW27*IX27 -> 5081.64 | IZ27: 39.95 | JA27: =IW27*IZ27 -> 6352.05
C28: BBY-PDC-LUMA-MSK | D28: Luma LED Skin Therapy Mask - Home Skin Rejuvenation & Anti-Aging Light Therapy - 7 Color LED - Facial Skin Care - Skin Tightening - Wrinkles and Fine Lines - Boost Collagen - Inflammation Fighter | BK28: 2 | BL28: 5 | BM28: 8 | BN28: 5 | BO28: 5 | CI28: 3 | CJ28: 10 | CK28: 12 | CL28: 10 | CM28: 8 | CN28: 16 | CO28: 14 | CP28: 37 | CQ28: 45 | CR28: 70 | CS28: 68 | CV28: 3 | CW28: 9 | CX28: 5 | CY28: 1 | DM28: 12 | DN28: 2 | DO28: 3 | DP28: 5 | DQ28: 7 | DR28: 6 | DS28: 6 | DT28: 7 | DU28: 7 | DV28: 4 | DW28: 7 | DX28: 6 | DY28: 7 | DZ28: 10 | EA28: 5 | EB28: 11 | EC28: 4 | ED28: 12 | EE28: 8 | EF28: 12 | EG28: 8 | EP28: 5 | EQ28: 38 | ER28: 34 | ES28: 27 | ET28: 13 | EU28: 16 | EV28: 14 | EW28: 5 | EX28: 6 | EY28: 6 | EZ28: 3 | FA28: 6 | FB28: 3 | IW28: =SUM(E28:HX28) -> 661 | IX28: 71.96 | IY28: =IW28*IX28 -> 47565.56 | IZ28: 89.95 | JA28: =IW28*IZ28 -> 59456.95
C29: BBY-PDC-LUMA-WAND | D29: Luma Skin Therapy Wand - 4-in-1 Natural Facial Skincare Treatments | BK29: 3 | BL29: 3 | BN29: 3 | BO29: 2 | BP29: 3 | BQ29: 2 | BR29: 3 | BS29: 5 | BT29: 11 | BU29: 6 | BV29: 4 | BW29: 4 | BX29: 1 | BY29: 2 | BZ29: 4 | CA29: 3 | CB29: 5 | CC29: 4 | CD29: 3 | CF29: 9 | CG29: 5 | CH29: 3 | CI29: 9 | CJ29: 3 | DM29: 4 | DN29: 2 | DO29: 3 | DP29: 1 | DQ29: 1 | DR29: 2 | DS29: 6 | DT29: 3 | DU29: 3 | DV29: 3 | DW29: 2 | DX29: 3 | DY29: 4 | DZ29: 2 | EA29: 5 | EB29: 4 | EC29: 5 | ED29: 4 | EE29: 2 | EF29: 5 | EG29: 4 | ES29: 1 | ET29: 8 | EU29: 17 | EV29: 14 | EW29: 13 | EX29: 9 | EY29: 6 | EZ29: 5 | FA29: 9 | FB29: 1 | IW29: =SUM(E29:HX29) -> 251 | IX29: 63.99 | IY29: =IW29*IX29 -> 16061.49 | IZ29: 79.99 | JA29: =IW29*IZ29 -> 20077.49
C30: BBY-PDC-NDSW-WH | D30: NuDerma Skin Wand - Portable Handheld High Frequency Skin Therapy Machine | BK30: 8 | BL30: 9 | BM30: 1 | BN30: 2 | BO30: 6 | BQ30: 5 | BR30: 1 | BS30: 2 | BZ30: 3 | CA30: 1 | CD30: 1 | CE30: 2 | CF30: 1 | CG30: 2 | CH30: 1 | CI30: 3 | CJ30: 2 | CK30: 4 | CM30: 3 | CN30: 6 | CO30: 4 | CP30: 10 | CR30: 23 | CT30: 6 | CU30: 12 | CV30: 10 | CW30: 1 | CX30: 3 | CY30: 2 | CZ30: 5 | DA30: 4 | DB30: 8 | DC30: 7 | DD30: 5 | DE30: 6 | DF30: 3 | DG30: 3 | DH30: 3 | DI30: 1 | DJ30: 2 | DK30: 4 | DM30: 2 | DN30: 2 | DR30: 1 | DS30: 2 | DT30: 2 | DV30: 3 | DW30: 1 | DX30: 5 | DY30: 7 | DZ30: 10 | EA30: 9 | EB30: 2 | EC30: 1 | ED30: 2 | EE30: 1 | EF30: 3 | EG30: 1 | EI30: 1 | EJ30: 2 | EK30: 3 | EM30: 5 | EN30: 2 | EO30: 2 | IW30: =SUM(E30:HX30) -> 254 | IX30: 39.96 | IY30: =IW30*IX30 -> 10149.84 | IZ30: 49.95 | JA30: =IW30*IZ30 -> 12687.3
C31: BBY-PDC-RNEW-WH | D31: ReNew Skin Scrubber | BK31: 2 | BL31: 1 | BP31: 4 | BQ31: 1 | BS31: 2 | BT31: 48 | BU31: 4 | CB31: 5 | CC31: 1 | CD31: 2 | CE31: 3 | CI31: 2 | CJ31: 1 | CL31: 6 | CN31: 2 | CO31: 1 | CQ31: 17 | CR31: 1 | CS31: 37 | CT31: 1 | CU31: 1 | CW31: 2 | CY31: 3 | CZ31: 3 | DA31: 2 | DB31: 3 | DC31: 2 | DF31: 4 | IW31: =SUM(E31:HX31) -> 161 | IX31: 23.96 | IY31: =IW31*IX31 -> 3857.56 | IZ31: 29.95 | JA31: =IW31*IZ31 -> 4821.95
C32: BBY-PDC-RDIO-SNG | D32: DermaWave Clinical Radio Frequency Machine | BL32: 5 | BN32: 4 | BO32: 53 | BP32: 8 | BQ32: 1 | BR32: 2 | BS32: 2 | BV32: 4 | BW32: 3 | BX32: 3 | CA32: 1 | CB32: 3 | CC32: 4 | CD32: 2 | CF32: 1 | CG32: 2 | CK32: 7 | DM32: 2 | DN32: 2 | DP32: 2 | DQ32: 3 | DR32: 1 | DS32: 1 | DT32: 2 | DU32: 1 | DV32: 1 | DX32: 2 | DY32: 1 | EH32: 2 | EJ32: 2 | EL32: 1 | EM32: 4 | EN32: 2 | EO32: 3 | EP32: 8 | EQ32: 8 | ER32: 4 | ES32: 5 | ET32: 7 | EU32: 5 | EV32: 4 | EW32: 3 | EX32: 4 | EY32: 1 | EZ32: 3 | FA32: 1 | FB32: 2 | FC32: 3 | FD32: 5 | FE32: 2 | FF32: 2 | FG32: 1 | FI32: 1 | FJ32: 1 | FK32: 3 | FL32: 3 | FM32: 2 | FN32: 1 | FP32: 1 | FV32: 1 | FY32: 1 | FZ32: 1 | GA32: 10 | GB32: 1 | GC32: 1 | GD32: 1 | GE32: 1 | GG32: 2 | GM32: 1 | GO32: 2 | GP32: 1 | GQ32: 4 | GR32: 1 | GS32: 2 | GT32: 1 | GV32: 2 | GX32: 1 | GZ32: 1 | HA32: 1 | HB32: 1 | HC32: 2 | HM32: 1 | HN32: 1 | HQ32: 2 | IW32: =SUM(E32:HX32) -> 260 | IX32: 191.96 | IY32: =IW32*IX32 -> 49909.6 | IZ32: 239.95 | JA32: =IW32*IZ32 -> 62387
C33: BBY-PDC-NANO-CLNC | D33: NanoSteamer Clinical - 10-in-1 Smart Steam Dermatologist Grade Ionic Facial Steamer with 2 Multi-Position Steam Nozzles - Digital LCD Screen - Extraction Set - 6 Pre-Programmed Professional Modes | BN33: 1 | BO33: 3 | BS33: 5 | BT33: 1 | BU33: 2 | BV33: 1 | BX33: 1 | BY33: 1 | CB33: 1 | CD33: 1 | CE33: 1 | CF33: 1 | CG33: 1 | CI33: 2 | CJ33: 1 | CK33: 1 | CN33: 1 | CQ33: 1 | CR33: 2 | CS33: 3 | CT33: 4 | CV33: 1 | CZ33: 1 | DA33: 1 | DB33: 1 | DE33: 2 | DG33: 2 | DH33: 1 | DM33: 1 | DR33: 1 | DU33: 1 | DV33: 1 | DY33: 2 | ED33: 2 | EE33: 1 | EG33: 1 | EH33: 6 | EL33: 1 | EQ33: 3 | ER33: 3 | ES33: 6 | ET33: 1 | EU33: 1 | EX33: 1 | EZ33: 2 | FC33: 1 | FH33: 1 | FI33: 1 | FQ33: 1 | FT33: 1 | FW33: 4 | FY33: 1 | FZ33: 1 | GA33: 3 | GD33: 3 | GF33: 3 | GI33: 1 | GK33: 1 | GL33: 1 | GN33: 3 | GO33: 1 | GP33: 2 | GQ33: 8 | GR33: 7 | GS33: 7 | GW33: 1 | IW33: =SUM(E33:HX33) -> 130 | IX33: 71.96 | IY33: =IW33*IX33 -> 9354.8 | IZ33: 89.95 | JA33: =IW33*IZ33 -> 11693.5
C34: BBY-PDC-NANO-PRO | D34: NanoStemer PRO - Professional Ionic 4 in 1 Facial Steamer W/ 5 Staineless Steel Blemish Kit and a Headband | BN34: 1 | BO34: 2 | BP34: 1 | BS34: 2 | BV34: 2 | BW34: 2 | BX34: 2 | BY34: 1 | CA34: 1 | CB34: 1 | CC34: 1 | CD34: 1 | CF34: 2 | CG34: 1 | CK34: 1 | CL34: 2 | CM34: 1 | CN34: 1 | CO34: 2 | CP34: 3 | CQ34: 7 | CR34: 5 | CS34: 8 | CW34: 1 | CX34: 4 | CY34: 1 | CZ34: 1 | DB34: 3 | DE34: 1 | DF34: 1 | DG34: 3 | DJ34: 3 | DK34: 2 | DL34: 1 | DN34: 3 | DQ34: 1 | DR34: 2 | DS34: 1 | DT34: 2 | DU34: 4 | DV34: 1 | DW34: 1 | DX34: 2 | DY34: 1 | EA34: 1 | EB34: 1 | EC34: 1 | ED34: 2 | IW34: =SUM(E34:HX34) -> 94 | IX34: 55.99 | IY34: =IW34*IX34 -> 5263.06 | IZ34: 69.99 | JA34: =IW34*IZ34 -> 6579.06
C35: AS-ELITE-BK | D35: Aquasonic Elite Series Electric Toothbrush - Black | DY35: 1 | DZ35: 7 | EA35: 7 | EB35: 9 | EC35: 7 | ED35: 18 | EE35: 13 | EF35: 1 | EI35: Moved to core | EK35: 9 | IW35: =SUM(E35:HX35) -> 72 | IX35: 37.46 | IY35: =IW35*IX35 -> 2697.12 | IZ35: 49.95 | JA35: =IW35*IZ35 -> 3596.4
C36: AS-ELITE-RG | D36: Aquasonic Elite Series Electric Toothbrush - Rose Gold | DY36: 1 | DZ36: 2 | EA36: 6 | EB36: 3 | EC36: 6 | ED36: 39 | EE36: 3 | EF36: 3 | EG36: 4 | EH36: 6 | EI36: 43 | EJ36: 8 | EK36: 4 | EL36: 90 | EM36: 22 | EN36: 6 | EO36: 17 | EP36: 135 | EQ36: 22 | ER36: 34 | FL36: 2 | FM36: 9 | FN36: 16 | FO36: 63 | FP36: 24 | FQ36: 7 | FR36: 37 | FS36: 47 | FT36: 11 | FU36: 14 | FV36: 28 | FW36: 33 | FX36: 143 | FY36: 24 | FZ36: 11 | GA36: 24 | GB36: 24 | GC36: 28 | GD36: 75 | GE36: 17 | GF36: 28 | GG36: 30 | GH36: 24 | GI36: 6 | GJ36: 21 | GK36: 18 | GL36: 19 | GM36: 15 | GN36: 13 | GO36: 26 | GP36: 74 | GQ36: 141 | GR36: 73 | GS36: 66 | GT36: 10 | GU36: 5 | GV36: 16 | GW36: 22 | GX36: 27 | GY36: 19 | GZ36: 5 | HA36: 9 | HB36: 10 | HC36: 46 | HD36: 22 | HE36: 5 | HF36: 13 | HG36: 20 | HH36: 20 | HI36: 34 | HJ36: 17 | HK36: 14 | HL36: 2 | HM36: 9 | HN36: 1 | HO36: 13 | HP36: 41 | HQ36: 12 | HR36: 6 | HS36: 8 | HT36: 5 | HU36: 13 | IW36: =SUM(E36:HX36) -> 2069 | IX36: 37.46 | IY36: =IW36*IX36 -> 77504.74 | IZ36: 49.95 | JA36: =IW36*IZ36 -> 103346.55
C37: AS-ELITE-WH | D37: Aquasonic Elite Series Electric Toothbrush - White | DX37: 1 | DY37: 1 | DZ37: 3 | EA37: 3 | EB37: 1 | EC37: 12 | ED37: 25 | EE37: 6 | EI37: 40 | EJ37: 2 | EL37: 46 | EM37: 6 | EN37: 2 | EO37: 4 | EP37: 100 | EQ37: 42 | ER37: 60 | ES37: 9 | FD37: 1 | FE37: 18 | FF37: 7 | FG37: 50 | FH37: 10 | FI37: 13 | FJ37: 4 | FK37: 5 | FL37: 19 | FM37: 5 | FN37: 12 | FO37: 74 | FP37: 19 | FQ37: 4 | FR37: 14 | FS37: 18 | FT37: 5 | FU37: 7 | FV37: 12 | FW37: 17 | FX37: 62 | FY37: 11 | FZ37: 3 | GA37: 10 | GB37: 23 | GC37: 33 | GD37: 48 | GE37: 9 | GF37: 12 | GG37: 13 | GH37: 13 | GI37: 7 | GJ37: 14 | GK37: 7 | GL37: 10 | GM37: 10 | GN37: 8 | GO37: 13 | GP37: 31 | GQ37: 90 | GR37: 42 | GS37: 29 | GT37: 9 | GU37: 3 | GV37: 7 | GW37: 6 | GX37: 25 | GY37: 13 | GZ37: 9 | HB37: 6 | HC37: 23 | HD37: 13 | HE37: 7 | HF37: 4 | HG37: 9 | HH37: 12 | HI37: 6 | HJ37: 17 | HK37: 6 | HL37: 1 | HM37: 5 | HN37: 5 | HO37: 6 | HP37: 32 | HQ37: 5 | HR37: 1 | HS37: 9 | HT37: 9 | HU37: 5 | IW37: =SUM(E37:HX37) -> 1428 | IX37: 37.46 | IY37: =IW37*IX37 -> 53492.88 | IZ37: 49.95 | JA37: =IW37*IZ37 -> 71328.6
C38: AS-ICON-NV | D38: AquaSonic Icon Rechargeable Power Toothbrush | Magnetic Holder & Slim Travel Case - Navy | DW38: 3 | DX38: 1 | DY38: 1 | EA38: 1 | EB38: 2 | EC38: 9 | ED38: 3 | EE38: 140 | EF38: 10 | EG38: 6 | EH38: 6 | EI38: 7 | EJ38: 172 | EK38: 164 | EL38: 4 | EM38: 5 | EN38: 330 | EO38: 3 | EP38: 86 | EQ38: 30 | ER38: 28 | ES38: 14 | ET38: 277 | EU38: 4 | EV38: 6 | EW38: 10 | EX38: 30 | EY38: 412 | EZ38: 13 | FA38: 3 | FB38: 23 | FC38: 128 | FD38: 5 | FE38: 6 | FF38: 18 | FG38: 332 | FH38: 6 | FI38: 3 | FJ38: 7 | FK38: 349 | FL38: 5 | FM38: 7 | FN38: 5 | FO38: 7 | FP38: 218 | FQ38: 12 | FR38: 11 | FS38: Moved to core | IW38: =SUM(E38:HX38) -> 2922 | IX38: 14.99 | IY38: =IW38*IX38 -> 43800.78 | IZ38: 19.99 | JA38: =IW38*IZ38 -> 58410.78
C39: AS-ICON-WH | D39: AquaSonic Icon Rechargeable Power Toothbrush | Magnetic Holder & Slim Travel Case - Optic White | DX39: 1 | DZ39: 2 | EA39: 1 | EC39: 4 | ED39: 1 | EE39: 161 | EF39: 6 | EG39: 4 | EH39: 5 | EI39: 7 | EJ39: 45 | EK39: 60 | EL39: 1 | EM39: 3 | EN39: 139 | EO39: 1 | EP39: 38 | EQ39: 9 | ER39: 4 | ES39: 7 | ET39: 73 | EU39: 2 | EV39: 2 | EW39: 2 | EX39: 3 | EY39: 118 | EZ39: 17 | FA39: 4 | FB39: 7 | FC39: 84 | FD39: 2 | FE39: 2 | FF39: 9 | FG39: 131 | FH39: 3 | FI39: 2 | FJ39: 14 | FK39: 16 | FL39: 4 | FM39: 4 | FN39: 5 | FO39: 10 | FP39: 76 | FQ39: 7 | FR39: 3 | FS39: 9 | FT39: 4 | FU39: 1 | FV39: 13 | FW39: 9 | FX39: 5 | FY39: 10 | FZ39: 17 | GA39: 3 | GB39: 6 | GC39: 4 | GD39: 2 | GE39: 12 | GF39: 11 | GG39: 18 | GH39: 8 | GI39: 9 | GK39: 8 | GL39: 3 | GM39: 2 | GN39: 6 | GO39: 10 | GP39: 19 | GQ39: 45 | GR39: 30 | GS39: 32 | GT39: 10 | GU39: 1 | GV39: 17 | GW39: 12 | GX39: 48 | GY39: 7 | GZ39: 1 | HA39: 5 | HB39: 4 | HC39: 2 | HD39: 1 | HE39: 9 | HF39: 6 | HG39: 4 | HH39: 7 | HI39: 3 | HJ39: 7 | HK39: 2 | HL39: 6 | HM39: 4 | HN39: 7 | HO39: 6 | HP39: 4 | HQ39: 4 | HR39: 8 | HS39: 4 | HT39: 5 | HU39: 23 | IW39: =SUM(E39:HX39) -> 1612 | IX39: 14.99 | IY39: =IW39*IX39 -> 24163.88 | IZ39: 19.99 | JA39: =IW39*IZ39 -> 32223.88
C40: AS-HEAD-ICON-2NV | D40: AquaSonic Icon Navy Replacement Brush Heads - 2 Pack | EC40: 5 | EE40: 17 | EF40: 3 | EG40: 1 | EH40: 2 | EI40: 1 | EJ40: 21 | EK40: 30 | EL40: 4 | EM40: 2 | EN40: 30 | EP40: 14 | EQ40: 4 | ER40: 4 | ES40: 7 | ET40: 33 | EU40: 6 | EV40: 5 | EW40: 2 | EX40: 1 | EY40: 5 | FF40: 9 | FG40: 51 | FH40: 6 | FI40: 4 | FJ40: 3 | FK40: 55 | FL40: 5 | FM40: 2 | FN40: 4 | FO40: 8 | FP40: 32 | FQ40: 4 | FR40: 7 | FS40: 3 | FT40: 4 | FU40: 2 | FV40: 1 | FX40: 2 | FY40: 19 | FZ40: 10 | GA40: 6 | GB40: 8 | GC40: 1 | GD40: 4 | GE40: 6 | GF40: 9 | GG40: 13 | GH40: 8 | GI40: 3 | GJ40: 4 | GK40: 11 | GL40: 1 | GM40: 4 | GN40: 7 | GO40: 8 | GP40: 8 | GQ40: 14 | GR40: 11 | GS40: 4 | GT40: 4 | GU40: 1 | GV40: 16 | GW40: 18 | GX40: 25 | GY40: 5 | GZ40: 4 | HA40: 13 | HB40: 6 | HC40: 8 | HD40: 7 | HE40: 6 | HF40: 6 | HG40: 3 | HH40: 11 | HI40: 5 | HJ40: 4 | HK40: 6 | HL40: 6 | HM40: 5 | HN40: 6 | HO40: 3 | HP40: 6 | HQ40: 10 | HR40: 6 | HS40: 7 | HT40: 5 | HU40: 12 | IW40: =SUM(E40:HX40) -> 772 | IX40: 7.46 | IY40: =IW40*IX40 -> 5759.12 | IZ40: 9.95 | JA40: =IW40*IZ40 -> 7681.4
C41: AS-HEAD-ICON-2WH | D41: AquaSonic Icon White Replacement Brush Heads - 2 Pack | EC41: 4 | EE41: 11 | EF41: 2 | EG41: 1 | EH41: 2 | EI41: 3 | EJ41: 9 | EK41: 9 | EM41: 1 | EN41: 13 | EO41: 2 | EP41: 4 | EQ41: 2 | ER41: 2 | ES41: 5 | ET41: 6 | EU41: 2 | EV41: 1 | EW41: 2 | EX41: 11 | EY41: 20 | EZ41: 2 | FB41: 1 | FC41: 11 | FD41: 2 | FE41: 6 | FF41: 4 | FG41: 24 | FH41: 4 | FI41: 1 | FJ41: 5 | FK41: 9 | FL41: 4 | FM41: 4 | FO41: 6 | FP41: 5 | FQ41: 2 | FR41: 2 | FS41: 1 | FT41: 4 | FU41: 2 | FV41: 2 | FW41: 8 | FX41: 2 | FY41: 5 | FZ41: 2 | GA41: 5 | GB41: 1 | GE41: 4 | GF41: 6 | GG41: 4 | GH41: 4 | GI41: 1 | GK41: 1 | GN41: 5 | GO41: 2 | GP41: 7 | GQ41: 9 | GR41: 3 | GS41: 6 | GT41: 2 | GV41: 1 | GW41: 5 | GX41: 7 | GY41: 4 | GZ41: 2 | HA41: 1 | HB41: 1 | HC41: 1 | HD41: 1 | HE41: 1 | HF41: 1 | HG41: 6 | HH41: 3 | HI41: 2 | HJ41: 5 | HK41: 3 | HL41: 1 | HM41: 3 | HN41: 2 | HO41: 2 | HP41: 2 | HQ41: 6 | HR41: 6 | HS41: 4 | HT41: 4 | HU41: 4 | IW41: =SUM(E41:HX41) -> 368 | IX41: 7.46 | IY41: =IW41*IX41 -> 2745.28 | IZ41: 9.95 | JA41: =IW41*IZ41 -> 3661.6
C42: AS-ELITE-DUO | D42: AquaSonic Elite Duo Series Electric Toothbrush Set | EA42: 4 | EB42: 6 | EC42: 4 | ED42: 3 | EE42: 3 | EF42: 4 | EG42: 5 | EH42: 5 | EM42: Moved to core | IW42: =SUM(E42:HX42) -> 34 | IX42: 67.46 | IY42: =IW42*IX42 -> 2293.64 | IZ42: 89.95 | JA42: =IW42*IZ42 -> 3058.3
C43: AS-HEAD-P3WH | D43: AquaSonic ProFlex White Brush Heads - 3 Pack | DY43: 1 | EC43: 1 | ED43: 1 | EL43: 2 | EM43: 2 | ET43: 1 | EW43: 1 | FE43: 1 | FI43: 3 | FK43: 1 | FL43: 1 | FM43: 1 | FN43: 1 | FO43: 1 | FQ43: 1 | FS43: 2 | FU43: 1 | FW43: 2 | FY43: 2 | FZ43: 1 | GA43: 1 | GB43: 1 | GC43: 1 | GF43: 1 | GH43: 2 | GI43: 1 | GK43: 3 | GP43: 2 | GR43: 2 | GS43: 1 | GV43: 2 | GW43: 1 | GY43: 4 | HB43: 1 | HC43: 1 | HF43: 1 | HG43: 2 | HI43: 4 | HJ43: 1 | HL43: 1 | HM43: 1 | HS43: 3 | HT43: 1 | HU43: 1 | IW43: =SUM(E43:HX43) -> 66 | IX43: 11.21 | IY43: =IW43*IX43 -> 739.86 | IZ43: 14.95 | JA43: =IW43*IZ43 -> 986.7
C44: AS-HEAD-P3BK | D44: AquaSonic ProFlex Black Brush Heads - 3 Pack | EE44: 1 | EL44: 4 | EM44: 4 | EP44: 1 | ET44: 2 | EU44: 1 | EV44: 1 | EW44: 1 | EZ44: 1 | FB44: 3 | FC44: 1 | FD44: 6 | FE44: 3 | FG44: 4 | FH44: 1 | FI44: 1 | FK44: 2 | FL44: 1 | FO44: 3 | FQ44: 1 | FR44: 2 | FS44: 2 | FT44: 2 | FV44: 1 | FX44: 2 | FY44: 2 | FZ44: 1 | GA44: 2 | GB44: 1 | GC44: 1 | GD44: 5 | GE44: 2 | GF44: 1 | GG44: 1 | GH44: 1 | GI44: 1 | GJ44: 1 | GK44: 7 | GM44: 2 | GN44: 2 | GP44: 3 | GQ44: 4 | GR44: 3 | GS44: 1 | GV44: 3 | GW44: 4 | GX44: 5 | GY44: 7 | GZ44: 4 | HD44: 2 | HF44: 2 | HG44: 1 | HI44: 1 | HL44: 1 | HM44: 1 | HQ44: 2 | HR44: 3 | HS44: 5 | HT44: 4 | HU44: 2 | IW44: =SUM(E44:HX44) -> 139 | IX44: 11.21 | IY44: =IW44*IX44 -> 1558.19 | IZ44: 14.95 | JA44: =IW44*IZ44 -> 2078.05
C45: AS-HEAD-P8WH | D45: AquaSonic ProFlex White Brush Heads - 8 Pack | DY45: 1 | ED45: 2 | EG45: 1 | EH45: 2 | EJ45: 2 | EK45: 1 | EL45: 4 | EM45: 1 | EN45: 1 | EP45: 1 | ES45: 1 | EU45: 3 | EV45: 2 | EW45: 4 | EY45: 1 | EZ45: 3 | FA45: 2 | FB45: 3 | FC45: 3 | FD45: 3 | FE45: 2 | FG45: 7 | FH45: 1 | FJ45: 2 | FK45: 4 | FM45: 1 | FN45: 1 | FO45: 1 | FP45: 3 | FQ45: 1 | FR45: 2 | FS45: 1 | FT45: 2 | FV45: 2 | FW45: 3 | FX45: 3 | FY45: 3 | FZ45: 4 | GA45: 1 | GB45: 3 | GC45: 2 | GH45: 1 | GI45: 2 | GJ45: 2 | GL45: 3 | GM45: 1 | GN45: 2 | GP45: 4 | GQ45: 3 | GR45: 1 | GS45: 3 | GU45: 1 | GX45: 1 | GZ45: 1 | HA45: 1 | HB45: 1 | HC45: 1 | HD45: 4 | HE45: 2 | HF45: 3 | HH45: 1 | HI45: 3 | HJ45: 2 | HK45: 4 | HL45: 3 | HM45: 2 | HN45: 2 | HO45: 5 | HP45: 4 | HR45: 3 | HS45: 2 | HT45: 1 | HU45: 2 | IW45: =SUM(E45:HX45) -> 161 | IX45: 18.71 | IY45: =IW45*IX45 -> 3012.31 | IZ45: 29.95 | JA45: =IW45*IZ45 -> 4821.95
C46: AS-HEAD-P8BK | D46: AquaSonic ProFlex Black Brush Heads - 8 Pack | DZ46: 1 | EA46: 2 | EB46: 6 | EC46: 4 | ED46: 4 | EF46: 1 | EG46: 2 | EH46: 2 | EI46: 3 | EJ46: 3 | EK46: 2 | EL46: 3 | EN46: 5 | EO46: 1 | EP46: 3 | EQ46: 8 | ER46: 7 | ES46: 10 | ET46: 2 | EU46: 9 | EV46: 4 | EW46: 3 | EY46: 6 | EZ46: 1 | FA46: 2 | FB46: 5 | FC46: 4 | FT46: 3 | FX46: 4 | FY46: 2 | FZ46: 4 | GB46: 1 | GC46: 1 | GD46: 2 | GE46: 2 | GF46: 5 | GG46: 4 | GH46: 3 | GI46: 1 | GJ46: 2 | GL46: 7 | GM46: 1 | GN46: 4 | GO46: 5 | GP46: 3 | GQ46: 15 | GR46: 6 | GS46: 1 | GV46: 3 | GZ46: 2 | HA46: 4 | HB46: 3 | HC46: 8 | HD46: 6 | HE46: 2 | HF46: 3 | HG46: 3 | HH46: 5 | HI46: 5 | HJ46: 5 | HK46: 8 | HL46: 5 | HM46: 5 | HN46: 3 | HO46: 5 | HP46: 7 | HQ46: 1 | HR46: 2 | HS46: 3 | HT46: 5 | HU46: 9 | IW46: =SUM(E46:HX46) -> 281 | IX46: 18.71 | IY46: =IW46*IX46 -> 5257.51 | IZ46: 29.95 | JA46: =IW46*IZ46 -> 8415.95
C47: AS-WHITE-KIT | D47: 3-IN-1 TEETH WHITENING SYSTEM SMB | DY47: 1 | DZ47: 2 | EC47: 2 | ED47: 1 | EG47: 1 | EH47: 1 | EI47: 5 | EJ47: 4 | EK47: 5 | EL47: 4 | EM47: 5 | EN47: 16 | EO47: 16 | EP47: 9 | GP47: 6 | GQ47: 9 | GR47: 22 | GS47: 5 | GV47: 3 | GW47: 3 | GX47: 11 | GY47: 2 | GZ47: 6 | HA47: 2 | HB47: 7 | HC47: 4 | HD47: 7 | HE47: 3 | HF47: 3 | HG47: 7 | HH47: 5 | HI47: 6 | HJ47: 5 | HK47: 7 | HL47: 6 | HM47: 6 | HN47: 6 | HO47: 6 | HP47: 4 | HQ47: 13 | HR47: 1 | HS47: 3 | HT47: 7 | HU47: 3 | IW47: =SUM(E47:HX47) -> 250 | IX47: 22.46 | IY47: =IW47*IX47 -> 5615 | IZ47: 29.95 | JA47: =IW47*IZ47 -> 7487.5
C48: AS-ELITE-FLOS-BK | D48: AQUASONIC WATER FLOSSER SMB BLACK | EE48: 1 | EF48: 2 | EW48: 7 | EY48: 2 | EZ48: 4 | FA48: 7 | FB48: 22 | FC48: 6 | FD48: 24 | FE48: 23 | FF48: 257 | FG48: 23 | FH48: 3 | FI48: 11 | FJ48: 56 | FK48: 66 | FL48: 65 | FM48: 17 | FS48: Moved to core | IW48: =SUM(E48:HX48) -> 596 | IX48: 37.46 | IY48: =IW48*IX48 -> 22326.16 | IZ48: 49.95 | JA48: =IW48*IZ48 -> 29770.2
C49: AS-ELITE-FLOS-WH | D49: AQUASONIC WATER FLOSSER SMB WHITE | FB49: 5 | FC49: 27 | FD49: 14 | FE49: 25 | FF49: 351 | FG49: 54 | FH49: 35 | FI49: 35 | FJ49: 70 | FK49: 51 | FL49: 42 | FM49: 40 | FN49: 51 | FO49: 2 | FP49: 32 | FQ49: 65 | FR49: 63 | FS49: 111 | FT49: 24 | FU49: 9 | FV49: 14 | FW49: 36 | FX49: 22 | FY49: 23 | FZ49: 17 | GA49: 20 | GB49: 29 | GC49: 33 | GD49: 50 | GE49: 9 | GF49: 30 | GG49: 19 | GH49: 15 | GI49: 11 | GJ49: 22 | GK49: 26 | GL49: 17 | GM49: 16 | GN49: 21 | GO49: 22 | GP49: 81 | GQ49: 144 | GR49: 94 | GS49: 70 | GT49: 15 | GU49: 5 | GV49: 39 | GW49: 21 | GX49: 44 | GY49: 15 | GZ49: 12 | HA49: 2 | HB49: 5 | HC49: 16 | HD49: 14 | HE49: 8 | IW49: =SUM(E49:HX49) -> 2143 | IX49: 37.46 | IY49: =IW49*IX49 -> 80276.78 | IZ49: 49.95 | JA49: =IW49*IZ49 -> 107042.85
C50: PDC-NANO-5PC-HYAL1 | D50: Pure Daily Care - Nano Ionic Facial Steamer with 5 Piece Skin Kit and Hyaluronic Serum - Teal | EG50: 1 | EJ50: 3 | EK50: 3 | EL50: 2 | EM50: 2 | EN50: 4 | EO50: 9 | EP50: 19 | EQ50: 13 | ER50: 46 | ES50: 29 | ET50: 2 | EU50: 5 | EV50: 16 | EX50: 7 | EY50: 6 | EZ50: 3 | FA50: 3 | FB50: 4 | FC50: 7 | FD50: 3 | FE50: 4 | FF50: 5 | FG50: 2 | FH50: 2 | FI50: 3 | FJ50: 4 | FL50: 1 | FM50: 1 | FN50: 3 | FO50: 3 | FP50: 3 | FQ50: 5 | FS50: 7 | FT50: 5 | FU50: 9 | FV50: 0 | FW50: 4 | FX50: 2 | FY50: 1 | FZ50: 3 | GA50: 5 | GB50: 7 | GC50: 4 | GD50: 5 | GE50: 2 | GF50: 3 | GG50: 7 | GH50: 4 | GI50: 2 | GJ50: 6 | GK50: 3 | GL50: 6 | GM50: 7 | GN50: 4 | GO50: 13 | GP50: 43 | GQ50: 40 | GR50: 31 | GS50: 75 | GT50: 2 | GU50: 2 | GV50: 10 | GW50: 2 | GX50: 13 | GY50: 1 | GZ50: 8 | HA50: 24 | HB50: 5 | HC50: 2 | HD50: 2 | HF50: 5 | HG50: 3 | HI50: 2 | HJ50: 1 | HK50: 1 | HL50: 2 | HM50: 22 | HN50: 4 | HO50: 1 | HP50: 3 | HQ50: 12 | HR50: 2 | HT50: 3 | HU50: 3 | IW50: =SUM(E50:HX50) -> 656 | IX50: 40.77 | IY50: =IW50*IX50 -> 26745.12 | IZ50: 59.95 | JA50: =IW50*IZ50 -> 39327.2
C51: PDC-NANO-5PC-PR-HYAL1 | D51: Pure Daily Care - Nano Ionic Facial Steamer with 5 Piece Skin Kit and Hyaluronic Serum - Lilac | FF51: 1 | FG51: 2 | FI51: 3 | FJ51: 3 | FK51: 4 | FL51: 4 | FM51: 3 | FN51: 2 | FO51: 2 | FP51: 1 | FQ51: 1 | FS51: 1 | FT51: 1 | FU51: 16 | FV51: 2 | FW51: 3 | FX51: 7 | GA51: 3 | GB51: 3 | GC51: 2 | GD51: 4 | GF51: 2 | GG51: 3 | GH51: 3 | GK51: 2 | GL51: 1 | GM51: 5 | GN51: 1 | GO51: 6 | GP51: 7 | GQ51: 36 | GR51: 23 | GS51: 60 | GT51: 14 | GU51: 4 | GX51: 5 | GY51: 1 | GZ51: 7 | HA51: 22 | HB51: 1 | HC51: 2 | HD51: 5 | HE51: 2 | HF51: 2 | HG51: 3 | HH51: 2 | HI51: 3 | HJ51: 4 | HK51: 6 | HL51: 7 | HM51: 20 | HN51: 7 | HO51: 7 | HP51: 4 | HQ51: 17 | HR51: 1 | HS51: 3 | HT51: 3 | HU51: 7 | IW51: =SUM(E51:HX51) -> 376 | IX51: 40.77 | IY51: =IW51*IX51 -> 15329.52 | IZ51: 59.95 | JA51: =IW51*IZ51 -> 22541.2
C52: PDC-NANO-5PC-SL1-HYAL1 | D52: Pure Daily Care - Nano Ionic Facial Steamer with 5 Piece Skin Kit and Hyaluronic Serum - Silver | FF52: 1 | FG52: 1 | FH52: 1 | FJ52: 1 | FK52: 1 | FL52: 2 | FM52: 2 | FN52: 1 | FO52: 1 | FP52: 3 | FR52: 1 | FS52: 1 | FT52: 2 | FU52: 7 | FV52: 3 | FX52: 1 | FY52: 1 | GA52: 4 | GB52: 1 | GC52: 2 | GD52: 3 | GE52: 1 | GF52: 2 | GI52: 2 | GJ52: 1 | GK52: 1 | GL52: 1 | GN52: 1 | GO52: 1 | GP52: 7 | GQ52: 18 | GR52: 11 | GS52: 14 | GT52: 2 | GW52: 7 | GX52: 13 | GY52: 2 | GZ52: 5 | HA52: 10 | HC52: 4 | HD52: 1 | HE52: 2 | HF52: 1 | HG52: 1 | HI52: 2 | HJ52: 4 | HK52: 2 | HM52: 4 | HN52: 1 | HO52: 1 | HP52: 3 | HQ52: 9 | HR52: 3 | HS52: 6 | HT52: 1 | HU52: 2 | IW52: =SUM(E52:HX52) -> 186 | IX52: 40.77 | IY52: =IW52*IX52 -> 7583.22 | IZ52: 59.95 | JA52: =IW52*IZ52 -> 11150.7
C53: PDC-LUMA-MSK-HYAL1 | D53: Luma LED Skin Therapy Mask and Hyaluronic Acid Serum: The Anti-Aging Duo | EG53: 1 | EH53: 1 | EJ53: 5 | EK53: 6 | EL53: 7 | EM53: 9 | EN53: 9 | EO53: 4 | EQ53: 21 | ER53: 32 | ES53: 27 | ET53: 19 | EU53: 15 | EW53: 3 | EX53: 24 | EY53: 22 | EZ53: 24 | FA53: 7 | FB53: 16 | FC53: 13 | FD53: 26 | FE53: 14 | FF53: 11 | FG53: 9 | FH53: 7 | FI53: 9 | FJ53: 6 | FK53: 3 | FL53: 11 | FM53: 13 | FN53: 1 | FO53: 2 | FP53: 7 | FQ53: 6 | FR53: 2 | FS53: 7 | FT53: 6 | FU53: 2 | FV53: 4 | FW53: 3 | FX53: 6 | FY53: 3 | FZ53: 6 | GA53: 39 | GB53: 25 | GC53: 12 | GD53: 10 | GH53: 8 | GI53: 8 | GJ53: 5 | GK53: 15 | GL53: 6 | GM53: 18 | GN53: 14 | GO53: 22 | GP53: 38 | GV53: 5 | GW53: 21 | GX53: 28 | GY53: 16 | GZ53: 13 | HA53: 108 | HB53: 18 | HC53: 10 | HE53: 1 | IW53: =SUM(E53:HX53) -> 869 | IX53: 67.97 | IY53: =IW53*IX53 -> 59065.93 | IZ53: 99.95 | JA53: =IW53*IZ53 -> 86856.55
C54: PDC-LUMA-WAND-HYAL1 | D54: 4-in-1 Natural Facial Skincare Treatments with a Bonus High Energy Hyaluronic Serum | EH54: 1 | EJ54: 3 | EK54: 1 | EM54: 1 | EO54: 5 | EP54: 22 | EQ54: 12 | ER54: 5 | EW54: 2 | EX54: 1 | EY54: 7 | EZ54: 6 | FA54: 2 | FB54: 6 | FC54: 5 | FD54: 5 | FE54: 4 | FF54: 3 | FG54: 6 | FH54: 2 | FN54: 2 | FO54: 1 | FP54: 2 | FR54: 1 | FS54: 1 | FT54: 1 | FU54: 1 | FV54: 1 | FZ54: 2 | GA54: 1 | GB54: 1 | GC54: 1 | GD54: 2 | GG54: 1 | GI54: 2 | GJ54: 1 | GK54: 2 | GL54: 2 | GM54: 1 | GN54: 4 | GO54: 4 | GP54: 12 | GQ54: 21 | GR54: 20 | GS54: 29 | GT54: 8 | GU54: 1 | GV54: 8 | GW54: 7 | GX54: 5 | GY54: 4 | GZ54: 5 | HA54: 1 | HB54: 2 | HC54: 2 | HD54: 1 | HF54: 5 | HG54: 1 | HH54: 4 | HI54: 3 | HJ54: 1 | HK54: 4 | HL54: 5 | HM54: 3 | HN54: 4 | HP54: 3 | HQ54: 5 | HR54: 6 | HS54: 2 | HU54: 1 | IW54: =SUM(E54:HX54) -> 306 | IX54: 61.17 | IY54: =IW54*IX54 -> 18718.02 | IZ54: 89.95 | JA54: =IW54*IZ54 -> 27524.7
C55: PDC-SKIN-HYAL1 | D55: High Energy Hyaluronic Serum (1oz) - Hydrating Clinical Grade Hyaluronic Acid | EJ55: 1 | EN55: 1 | EP55: 1 | EQ55: 5 | ER55: 4 | ES55: 5 | EV55: 1 | EY55: 2 | FA55: 1 | FC55: 2 | FD55: 1 | FE55: 2 | FF55: 1 | FG55: 2 | FH55: 1 | FI55: 1 | FK55: 4 | FN55: 1 | FP55: 2 | FZ55: 2 | GC55: 1 | GE55: 2 | GG55: 1 | GI55: 3 | GJ55: 3 | GK55: 1 | GN55: 3 | GP55: 6 | GQ55: 3 | GS55: 3 | GT55: 1 | GV55: 2 | GW55: 4 | GX55: 5 | HA55: 4 | HB55: 2 | HC55: 1 | HD55: 4 | HE55: 1 | HF55: 1 | HH55: 5 | HI55: 1 | HJ55: 1 | HK55: 2 | HN55: 1 | HO55: 1 | HP55: 2 | HR55: 1 | HU55: 2 | IW55: =SUM(E55:HX55) -> 107 | IX55: 16.97 | IY55: =IW55*IX55 -> 1815.79 | IZ55: 24.95 | JA55: =IW55*IZ55 -> 2669.65
E56: =SUM(E2:E55) -> 13 | F56: =SUM(F2:F55) -> 20 | G56: =SUM(G2:G55) -> 47 | H56: =SUM(H2:H55) -> 186 | I56: =SUM(I2:I55) -> 1012 | J56: =SUM(J2:J55) -> 373 | K56: =SUM(K2:K55) -> 46 | L56: =SUM(L2:L55) -> 68 | ... FG56: =SUM(FG2:FG55) -> 699 | FH56: =SUM(FH2:FH54) -> 82 | FI56: =SUM(FI2:FI55) -> 91 | FJ56: =SUM(FJ2:FJ55) -> 176 | FK56: =SUM(FK2:FK55) -> 573 | FL56: =SUM(FL2:FL55) -> 169 | FM56: =SUM(FM2:FM55) -> 111 | FN56: =SUM(FN2:FN55) -> 106 | FO56: =SUM(FO2:FO55) -> 184 | FP56: =SUM(FP2:FP55) -> 428 | ... HX56: =SUM(HX2:HX55) -> 0 | IW56: =SUM(IW2:IW55) -> 35574 | IY56: =SUM(IY2:IY55) -> 1378962.6 | JA56: =SUM(JA2:JA55) -> 1838375.5
B59: BBY Sku | C59: Core Sell thru (TOTAL) | E59: 44275 | F59: 44282 | G59: 44289 | H59: 44296 | I59: 44303 | J59: 44310 | K59: 44317 | L59: 44324 | M59: 44331 | N59: 44338 | O59: 44345 | P59: 44352 | Q59: 44359 | R59: 44366 | S59: 44373 | T59: 44380 | U59: 44387 | V59: 44394 | W59: 44401 | X59: 44408 | Y59: 44415 | Z59: 44422 | AA59: 44429 | AB59: 44436 | AC59: 44443 | AD59: 44450 | AE59: 44457 | AF59: 44464 | AG59: 44471 | AH59: 44478 | AI59: 44485 | AJ59: 44492 | AK59: 44499 | AL59: 44506 | AM59: 44513 | AN59: 44520 | AO59: 44527 | AP59: 44534 | AQ59: 44541 | AR59: 44548 | AS59: 44555 | AT59: 44562 | AU59: 44569 | AV59: 44576 | AW59: 44583 | AX59: 44590 | AY59: 44597 | AZ59: 44604 | BA59: 44611 | BB59: 44618 | BC59: 44625 | BD59: 44632 | BE59: 44639 | BF59: 44646 | BG59: 44653 | BH59: 44660 | BI59: 44667 | BJ59: 44674 | BK59: 44681 | BL59: 44688 | BM59: 44695 | BN59: 44702 | BO59: 44709 | BP59: 44716 | BQ59: 44723 | BR59: 44730 | BS59: 44737 | BT59: 44744 | BU59: 44751 | BV59: 44758 | BW59: 44765 | BX59: 44772 | BY59: 44779 | BZ59: 44786 | CA59: 44793 | CB59: 44800 | CC59: 44807 | CD59: 44814 | CE59: 44821 | CF59: 44828 | CG59: 44835 | CH59: 44842 | CI59: 44849 | CJ59: 44856 | CK59: 44863 | CL59: 44870 | CM59: 44877 | CN59: 44884 | CO59: 44891 | CP59: 44898 | CQ59: 44905 | CR59: 44912 | CS59: 44919 | CT59: 44926 | CU59: 44933 | CV59: 44940 | CW59: 44947 | CX59: 44954 | CY59: 44961 | CZ59: 44968 | DA59: 44975 | DB59: 44982 | DC59: 44989 | DD59: 44996 | DE59: 45003 | DF59: 45010 | DG59: 45017 | DH59: 45024 | DI59: 45031 | DJ59: 45038 | DK59: 45045 | DL59: 45052 | DM59: 45059 | DN59: 45066 | DO59: 45073 | DP59: 45080 | DQ59: 45087 | DR59: 45094 | DS59: 45101 | DT59: 45108 | DU59: 45115 | DV59: 45122 | DW59: 45129 | DX59: 45136 | DY59: 45143 | DZ59: 45150 | EA59: 45157 | EB59: 45164 | EC59: 45171 | ED59: 45178 | EE59: 45185 | EF59: 45192 | EG59: 45199 | EH59: 45206 | EI59: 45213 | EJ59: 45220 | EK59: 45227 | EL59: 45234 | EM59: 45241 | EN59: 45248 | EO59: 45255 | EP59: 45262 | EQ59: 45269 | ER59: 45276 | ES59: 45283 | ET59: 45290 | EU59: 45297 | EV59: 45304 | EW59: 45311 | EX59: 45318 | EY59: 45325 | EZ59: 45332 | FA59: 45339 | FB59: 45346 | FC59: 45353 | FD59: 45360 | FE59: 45367 | FF59: 45374 | FG59: 45381 | FH59: 45388 | FI59: 45395 | FJ59: 45402 | FK59: 45409 | FL59: 45416 | FM59: 45423 | FN59: 45430 | FO59: 45437 | FP59: 45444 | FQ59: 45451 | FR59: 45458 | FS59: 45465 | FT59: 45472 | FU59: 45479 | FV59: 45486 | FW59: 45493 | FX59: 45500 | FY59: 45507 | FZ59: 45514 | GA59: 45521 | GB59: 45528 | GC59: 45535 | GD59: 45542 | GE59: 45549 | GF59: 45556 | GG59: 45563 | GH59: 45570 | GI59: 45577 | GJ59: 45584 | GK59: 45591 | GL59: 45598 | GM59: 45605 | GN59: 45612 | GO59: 45619 | GP59: 45626 | GQ59: 45633 | GR59: 45640 | GS59: 45647 | GT59: 45654 | GU59: 45661 | GV59: 45668 | GW59: 45675 | GX59: 45682 | GY59: 45689 | GZ59: 45696 | HA59: 45703 | HB59: 45710 | HC59: 45717 | HD59: 45724 | HE59: 45731 | HF59: 45738 | HG59: 45745 | HH59: 45752 | HI59: 45759 | HJ59: 45766 | HK59: 45773 | HL59: 45780 | HM59: 45787 | HN59: 45794 | HO59: 45801 | HP59: 45808 | HQ59: 45815 | HR59: 45822 | HS59: 45829 | HT59: 45836 | HU59: 45843 | HV59: 45850 | HW59: 45857 | HX59: 45864 | HY59: 45871 | HZ59: 45878 | IA59: 45885 | IB59: 45892 | IC59: 45899 | ID59: 45906 | IE59: 45913 | IF59: 45920 | IG59: 45927 | IH59: 45934 | II59: 45941 | IJ59: 45948 | IK59: 45955 | IL59: 45962 | IM59: 45969 | IN59: 45976 | IO59: 45983 | IP59: 45990 | IQ59: 45997 | IR59: 46004 | IS59: 46011 | IT59: 46018 | IU59: 46025 | IW59: Units | IX59: BBY Cost | IY59: Sales at Cost | IZ59: MSRP | JA59: Sales at MSRP
C60: AS-TBSH-BS-HB | D60: AquaSonic Black UltraSonic ToothBrush Ultimate Bundle | CH60: 6 | CI60: 16 | CJ60: 470 | CK60: 66 | CL60: 61 | CM60: 61 | CN60: 55 | CO60: 91 | CP60: 135 | CQ60: 143 | CR60: 246 | CS60: 1228 | CT60: 76 | CU60: 79 | CV60: 78 | CW60: 72 | CX60: 532 | CY60: 74 | CZ60: 126 | DA60: 72 | DB60: 602 | DC60: 49 | DD60: 46 | DE60: 111 | DF60: 275 | DG60: 57 | DH60: 89 | DI60: 47 | DJ60: 85 | DK60: 335 | DL60: 46 | DM60: 92 | DN60: 75 | DO60: 53 | DP60: 50 | DQ60: 406 | DR60: 68 | DS60: 41 | DT60: 35 | DU60: 93 | DV60: 56 | DW60: 47 | DX60: 47 | DY60: 34 | DZ60: 66 | EA60: 85 | EB60: 84 | EC60: 83 | ED60: 61 | EE60: 51 | EF60: 64 | EG60: 56 | EH60: 58 | EI60: 30 | EJ60: 25 | EK60: 16 | EL60: 16 | EM60: 23 | EN60: 18 | EO60: 28 | EP60: 18 | EQ60: 31 | ER60: 53 | ES60: 135 | ET60: 41 | EU60: 23 | EV60: 24 | EW60: 25 | EX60: 26 | EY60: 26 | EZ60: 27 | FA60: 27 | FB60: 61 | FC60: 109 | FD60: 142 | FE60: 69 | FF60: 31 | FG60: 18 | FH60: 10 | FI60: 8 | FJ60: 3 | FK60: 3 | FL60: 8 | FM60: 3 | FN60: 1 | FO60: 0 | FP60: 0 | FQ60: 0 | FR60: 0 | FS60: 0 | FT60: 1 | FU60: 1 | FV60: 1 | FW60: 0 | FX60: 1 | FY60: 0 | FZ60: 0 | GA60: 6 | GB60: 0 | GC60: 0 | GD60: 0 | GE60: 0 | GF60: 0 | GG60: 0 | GH60: 0 | GI60: 0 | GJ60: 0 | GK60: 0 | GL60: 0 | GM60: 0 | GN60: 0 | GO60: 0 | GP60: 0 | GQ60: 0 | GR60: 0 | GS60: 0 | GT60: 0 | GU60: 0 | GV60: 0 | GW60: 0 | GX60: 0 | GY60: 0 | GZ60: 0 | HA60: 0 | HB60: 0 | HC60: 0 | HD60: 0 | HE60: 0 | HF60: 0 | HG60: 0 | HH60: 0 | HI60: 0 | HJ60: 0 | HK60: 0 | HL60: 0 | HM60: 0 | HN60: 0 | HO60: 0 | HP60: 0 | HQ60: 0 | HR60: 0 | HS60: 0 | HT60: 0 | HU60: 0 | IW60: =SUM(E60:IU60) -> 8222 | IX60: 37.46 | IY60: =IW60*IX60 -> 307996.12 | IZ60: 49.95 | JA60: =IW60*IZ60 -> 410688.9
C61: AS-TBSH-DUOP-HB | D61: AquaSonic - Duo Series Pro Rechargeable Electric Toothbrush Ultimate Bundle | CH61: 2 | CI61: 10 | CJ61: 213 | CK61: 52 | CL61: 43 | CM61: 43 | CN61: 46 | CO61: 538 | CP61: 123 | CQ61: 80 | CR61: 172 | CS61: 349 | CT61: 82 | CU61: 77 | CV61: 69 | CW61: 194 | CX61: 71 | CY61: 62 | CZ61: 83 | DA61: 194 | DB61: 108 | DC61: 51 | DD61: 69 | DE61: 128 | DF61: 108 | DG61: 79 | DH61: 87 | DI61: 51 | DJ61: 112 | DK61: 232 | DL61: 89 | DM61: 70 | DN61: 64 | DO61: 182 | DP61: 86 | DQ61: 68 | DR61: 180 | DS61: 69 | DT61: 75 | DU61: 64 | DV61: 54 | DW61: 176 | DX61: 72 | DY61: 92 | DZ61: 257 | EA61: 47 | EB61: 67 | EC61: 170 | ED61: 61 | EE61: 44 | EF61: 48 | EG61: 50 | EH61: 72 | EI61: 64 | EJ61: 55 | EK61: 48 | EL61: 54 | EM61: 80 | EN61: 62 | EO61: 93 | EP61: 82 | EQ61: 77 | ER61: 97 | ES61: 115 | ET61: 31 | EU61: 31 | EV61: 24 | EW61: 32 | EX61: 45 | EY61: 25 | EZ61: 26 | FA61: 24 | FB61: 34 | FC61: 25 | FD61: 24 | FE61: 8 | FF61: 1 | FG61: 5 | FH61: 0 | FI61: 3 | FJ61: 2 | FK61: 1 | FL61: 3 | FM61: 3 | FN61: 0 | FO61: 2 | FP61: 0 | FQ61: 0 | FR61: 0 | FS61: 0 | FT61: 0 | FU61: 1 | FV61: 1 | FW61: 0 | FX61: 0 | FY61: 0 | FZ61: 0 | GA61: 0 | GB61: 1 | GC61: 0 | GD61: 1 | GE61: 2 | GF61: 0 | GG61: 4 | GH61: 0 | GI61: 0 | GJ61: 1 | GK61: 1 | GL61: 1 | GM61: 2 | GN61: 0 | GO61: 0 | GP61: 2 | GQ61: 0 | GR61: 2 | GS61: 3 | GT61: 0 | GU61: 0 | GV61: 0 | GW61: 0 | GX61: 0 | GY61: 0 | GZ61: 0 | HA61: 0 | HB61: 0 | HC61: 0 | HD61: 0 | HE61: 0 | HF61: 0 | HG61: 0 | HH61: 0 | HI61: 0 | HJ61: 0 | HK61: 0 | HL61: 0 | HM61: 0 | HN61: 0 | HO61: 0 | HP61: 0 | HQ61: 0 | HR61: 0 | HS61: 0 | HT61: 0 | HU61: 0 | IW61: =SUM(E61:IU61) -> 6883 | IX61: 74.96 | IY61: =IW61*IX61 -> 515949.68 | IZ61: 99.95 | JA61: =IW61*IZ61 -> 687955.85
B62: 6550471 | C62: AS-ELITE-BK | D62: Aquasonic Elite Series Electric Toothbrush - Black | EI62: -1 | EJ62: 13 | EK62: 33 | EL62: 460 | EM62: 69 | EN62: 73 | EO62: 430 | EP62: 328 | EQ62: 265 | ER62: 335 | ES62: 292 | ET62: 75 | EU62: 67 | EV62: 49 | EW62: 32 | EX62: 5 | EY62: 10 | EZ62: 82 | FA62: 99 | FB62: 120 | FC62: 402 | FD62: 192 | FE62: 102 | FF62: 105 | FG62: 329 | FH62: 156 | FI62: 114 | FJ62: 87 | FK62: 138 | FL62: 132 | FM62: 159 | FN62: 212 | FO62: 112 | FP62: 135 | FQ62: 85 | FR62: 275 | FS62: 154 | FT62: 113 | FU62: 200 | FV62: 146 | FW62: 366 | FX62: 169 | FY62: 138 | FZ62: 114 | GA62: 183 | GB62: 241 | GC62: 227 | GD62: 635 | GE62: 162 | GF62: 153 | GG62: 215 | GH62: 150 | GI62: 119 | GJ62: 197 | GK62: 110 | GL62: 184 | GM62: 100 | GN62: 197 | GO62: 213 | GP62: 529 | GQ62: 393 | GR62: 503 | GS62: 663 | GT62: 591 | GU62: 269 | GV62: 97 | GW62: 141 | GX62: 149 | GY62: 157 | GZ62: 126 | HA62: 114 | HB62: 130 | HC62: 265 | HD62: 138 | HE62: 109 | HF62: 173 | HG62: 125 | HH62: 114 | HI62: 492 | HJ62: 167 | HK62: 102 | HL62: 73 | HM62: 77 | HN62: 64 | HO62: 154 | HP62: 346 | HQ62: 94 | HR62: 81 | HS62: 128 | HT62: 138 | HU62: 122 | HV62: 512 | HW62: 142 | HX62: 84 | HY62: 181 | HZ62: 105 | IA62: 116 | IB62: 99 | IC62: 156 | ID62: 136 | IE62: 84 | IF62: 91 | IG62: 110 | IH62: 69 | II62: 68 | IJ62: 74 | IK62: 56 | IL62: 92 | IM62: 87 | IN62: 74 | IO62: 101 | IP62: 273 | IQ62: 163 | IW62: =SUM(E62:IU62) -> 19754 | IX62: 37.46 | IY62: =IW62*IX62 -> 739984.84 | IZ62: 49.95 | JA62: =IW62*IZ62 -> 986712.3
B63: 6550544 | C63: AS-ELITE-DUO | D63: AquaSonic Elite Duo Series Electric Toothbrush Set | EJ63: 0 | EM63: 14 | EN63: 171 | EO63: 185 | EP63: 127 | EQ63: 114 | ER63: 165 | ES63: 512 | ET63: 184 | EU63: 89 | EV63: 75 | EW63: 89 | EX63: 179 | EY63: 108 | EZ63: 109 | FA63: 95 | FB63: 192 | FC63: 96 | FD63: 87 | FE63: 171 | FF63: 88 | FG63: 107 | FH63: 100 | FI63: 87 | FJ63: 178 | FK63: 83 | FL63: 72 | FM63: 85 | FN63: 85 | FO63: 93 | FP63: 95 | FQ63: 139 | FR63: 101 | FS63: 84 | FT63: 89 | FU63: 183 | FV63: 508 | FW63: 131 | FX63: 95 | FY63: 102 | FZ63: 93 | GA63: 68 | GB63: 122 | GC63: 105 | GD63: 136 | GE63: 116 | GF63: 112 | GG63: 77 | GH63: 112 | GI63: 98 | GJ63: 78 | GK63: 72 | GL63: 107 | GM63: 177 | GN63: 76 | GO63: 190 | GP63: 542 | GQ63: 308 | GR63: 293 | GS63: 468 | GT63: 507 | GU63: 224 | GV63: 162 | GW63: 134 | GX63: 110 | GY63: 76 | GZ63: 71 | HA63: 72 | HB63: 68 | HC63: 74 | HD63: 96 | HE63: 82 | HF63: 70 | HG63: 54 | HH63: 92 | HI63: 203 | HJ63: 67 | HK63: 52 | HL63: 99 | HM63: 105 | HN63: 72 | HO63: 57 | HP63: 60 | HQ63: 65 | HR63: 111 | HS63: 74 | HT63: 74 | HU63: 88 | HV63: 54 | HW63: 55 | HX63: 103 | HY63: 64 | HZ63: 56 | IA63: 90 | IB63: 90 | IC63: 75 | ID63: 189 | IE63: 92 | IF63: 59 | IG63: 64 | IH63: 71 | II63: 42 | IJ63: 40 | IK63: 56 | IL63: 40 | IM63: 39 | IN63: 58 | IO63: 50 | IP63: 94 | IQ63: 102 | IW63: =SUM(E63:IU63) -> 13219 | IX63: 67.46 | IY63: =IW63*IX63 -> 891753.74 | IZ63: 89.95 | JA63: =IW63*IZ63 -> 1189049.1
B64: 6552876 | C64: AS-ELITE-FLOS-BK | D64: AquaSonic Elite Flosser - Black | FS64: 206 | FT64: 95 | FU64: 123 | FV64: 165 | FW64: 324 | FX64: 184 | FY64: 577 | FZ64: 142 | GA64: 387 | GB64: 482 | GC64: 341 | GD64: 327 | GE64: 334 | GF64: 274 | GG64: 373 | GH64: 761 | GI64: 173 | GJ64: 342 | GK64: 243 | GL64: 386 | GM64: 254 | GN64: 371 | GO64: 437 | GP64: 1207 | GQ64: 939 | GR64: 887 | GS64: 1345 | GT64: 1021 | GU64: 576 | GV64: 205 | GW64: 248 | GX64: 190 | GY64: 258 | GZ64: 262 | HA64: 246 | HB64: 216 | HC64: 393 | HD64: 231 | HE64: 559 | HF64: 359 | HG64: 200 | HH64: 173 | HI64: 158 | HJ64: 236 | HK64: 126 | HL64: 138 | HM64: 126 | HN64: 115 | HO64: 213 | HP64: 181 | HQ64: 131 | HR64: 142 | HS64: 135 | HT64: 148 | HU64: 493 | HV64: 271 | HW64: 150 | HX64: 125 | HY64: 136 | HZ64: 98 | IA64: 109 | IB64: 115 | IC64: 217 | ID64: 119 | IE64: 103 | IF64: 121 | IG64: 106 | IH64: 91 | II64: 88 | IJ64: 90 | IK64: 67 | IL64: 101 | IM64: 373 | IN64: 98 | IO64: 127 | IP64: 300 | IQ64: 253 | IW64: =SUM(E64:IU64) -> 22416 | IX64: 37.46 | IY64: =IW64*IX64 -> 839703.36 | IZ64: 49.95 | JA64: =IW64*IZ64 -> 1119679.2
B65: 6550477 | C65: AS-ICON-NV | D65: Aquasonic Icon ADA-Accepted Rechargeable Toothbrush (Navy) | FS65: 13 | FT65: 25 | FU65: 49 | FV65: 65 | FW65: 88 | FX65: 68 | FY65: 82 | FZ65: 78 | GA65: 62 | GB65: 80 | GC65: 84 | GD65: 106 | GE65: 98 | GF65: 159 | GG65: 77 | GH65: 84 | GI65: 83 | GJ65: 73 | GK65: 101 | GL65: 220 | GM65: 44 | GN65: 67 | GO65: 82 | GP65: 255 | GQ65: 185 | GR65: 187 | GS65: 312 | GT65: 340 | GU65: 135 | GV65: 133 | GW65: 119 | GX65: 172 | GY65: 53 | GZ65: 63 | HA65: 97 | HB65: 55 | HC65: 56 | HD65: 47 | HE65: 47 | HF65: 56 | HG65: 63 | HH65: 84 | HI65: 70 | HJ65: 63 | HK65: 59 | HL65: 69 | HM65: 68 | HN65: 54 | HO65: 73 | HP65: 57 | HQ65: 62 | HR65: 75 | HS65: 49 | HT65: 55 | HU65: 84 | HV65: 60 | HW65: 41 | HX65: 63 | HY65: 45 | HZ65: 47 | IA65: 91 | IB65: 42 | IC65: 41 | ID65: 45 | IE65: 61 | IF65: 64 | IG65: 73 | IH65: 72 | II65: 97 | IJ65: 62 | IK65: 43 | IL65: 40 | IM65: 57 | IN65: 19 | IO65: 49 | IP65: 75 | IQ65: 61 | IW65: =SUM(E65:IU65) -> 6433 | IX65: 14.99 | IY65: =IW65*IX65 -> 96430.67 | IZ65: 19.99 | JA65: =IW65*IZ65 -> 128595.67
B66: 6576717 | C66: AS-ELITE-FLOS-WH | D66: AquaSonic Elite Flosser - White | FS66: 0 | FT66: 0 | FU66: 0 | FV66: 0 | FW66: 0 | FX66: 0 | FY66: 0 | FZ66: 0 | GA66: 0 | GB66: 0 | GC66: 0 | GD66: 0 | GE66: 0 | GF66: 0 | GG66: 0 | GH66: 0 | GI66: 0 | GJ66: 0 | GK66: 0 | GL66: 0 | GM66: 0 | GN66: 0 | GO66: 0 | GP66: 0 | GQ66: 0 | GR66: 0 | GS66: 0 | GT66: 0 | GU66: 0 | GV66: 0 | GW66: 0 | GX66: 0 | GY66: 0 | GZ66: 0 | HA66: 0 | HB66: 0 | HC66: 0 | HD66: 0 | HE66: 0 | HF66: 30 | HG66: 14 | HH66: 11 | HI66: 40 | HJ66: 98 | HK66: 66 | HL66: 60 | HM66: 51 | HN66: 56 | HO66: 101 | HP66: 89 | HQ66: 61 | HR66: 80 | HS66: 92 | HT66: 52 | HU66: 173 | HV66: 136 | HW66: 75 | HX66: 68 | HY66: 69 | HZ66: 57 | IA66: 88 | IB66: 104 | IC66: 164 | ID66: 130 | IE66: 77 | IF66: 112 | IG66: 92 | IH66: 102 | II66: 55 | IJ66: 58 | IK66: 65 | IL66: 52 | IM66: 154 | IN66: 45 | IO66: 78 | IP66: 150 | IQ66: 80 | IW66: =SUM(E66:IU66) -> 3085 | IX66: 37.46 | IY66: =IW66*IX66 -> 115564.1 | IZ66: 49.95 | JA66: =IW66*IZ66 -> 154095.75
CH67: =SUM(CH60:CH63) -> 8 | CI67: =SUM(CI60:CI63) -> 26 | CJ67: =SUM(CJ60:CJ63) -> 683 | CK67: =SUM(CK60:CK63) -> 118 | CL67: =SUM(CL60:CL63) -> 104 | CM67: =SUM(CM60:CM63) -> 104 | CN67: =SUM(CN60:CN63) -> 101 | CO67: =SUM(CO60:CO63) -> 629 | ... FO67: =SUM(FO60:FO63) -> 207 | FP67: =SUM(FP60:FP65) -> 230 | FQ67: =SUM(FQ60:FQ65) -> 224 | FR67: =SUM(FR60:FR65) -> 376 | FS67: =SUM(FS60:FS65) -> 457 | FT67: =SUM(FT60:FT65) -> 323 | FU67: =SUM(FU60:FU65) -> 557 | FV67: =SUM(FV60:FV65) -> 886 | FW67: =SUM(FW60:FW65) -> 909 | ... HD67: =SUM(HD60:HD65) -> 512 | HE67: =SUM(HE60:HE66) -> 797 | HF67: =SUM(HF60:HF66) -> 688 | HG67: =SUM(HG60:HG66) -> 456 | HH67: =SUM(HH60:HH66) -> 474 | HI67: =SUM(HI60:HI66) -> 963 | HJ67: =SUM(HJ60:HJ66) -> 631 | HK67: =SUM(HK60:HK66) -> 405 | HL67: =SUM(HL60:HL66) -> 439 | ... IU67: =SUM(IU60:IU66) -> 0 | IW67: =SUM(IW60:IW66) -> 80012 | IY67: =SUM(IY60:IY66) -> 3507382.5 | JA67: =SUM(JA60:JA66) -> 4676776.7
B69: BBY Sku | C69: Core Sell thru (Brick & Mortar) | E69: 44275 | F69: 44282 | G69: 44289 | H69: 44296 | I69: 44303 | J69: 44310 | K69: 44317 | L69: 44324 | M69: 44331 | N69: 44338 | O69: 44345 | P69: 44352 | Q69: 44359 | R69: 44366 | S69: 44373 | T69: 44380 | U69: 44387 | V69: 44394 | W69: 44401 | X69: 44408 | Y69: 44415 | Z69: 44422 | AA69: 44429 | AB69: 44436 | AC69: 44443 | AD69: 44450 | AE69: 44457 | AF69: 44464 | AG69: 44471 | AH69: 44478 | AI69: 44485 | AJ69: 44492 | AK69: 44499 | AL69: 44506 | AM69: 44513 | AN69: 44520 | AO69: 44527 | AP69: 44534 | AQ69: 44541 | AR69: 44548 | AS69: 44555 | AT69: 44562 | AU69: 44569 | AV69: 44576 | AW69: 44583 | AX69: 44590 | AY69: 44597 | AZ69: 44604 | BA69: 44611 | BB69: 44618 | BC69: 44625 | BD69: 44632 | BE69: 44639 | BF69: 44646 | BG69: 44653 | BH69: 44660 | BI69: 44667 | BJ69: 44674 | BK69: 44681 | BL69: 44688 | BM69: 44695 | BN69: 44702 | BO69: 44709 | BP69: 44716 | BQ69: 44723 | BR69: 44730 | BS69: 44737 | BT69: 44744 | BU69: 44751 | BV69: 44758 | BW69: 44765 | BX69: 44772 | BY69: 44779 | BZ69: 44786 | CA69: 44793 | CB69: 44800 | CC69: 44807 | CD69: 44814 | CE69: 44821 | CF69: 44828 | CG69: 44835 | CH69: 44842 | CI69: 44849 | CJ69: 44856 | CK69: 44863 | CL69: 44870 | CM69: 44877 | CN69: 44884 | CO69: 44891 | CP69: 44898 | CQ69: 44905 | CR69: 44912 | CS69: 44919 | CT69: 44926 | CU69: 44933 | CV69: 44940 | CW69: 44947 | CX69: 44954 | CY69: 44961 | CZ69: 44968 | DA69: 44975 | DB69: 44982 | DC69: 44989 | DD69: 44996 | DE69: 45003 | DF69: 45010 | DG69: 45017 | DH69: 45024 | DI69: 45031 | DJ69: 45038 | DK69: 45045 | DL69: 45052 | DM69: 45059 | DN69: 45066 | DO69: 45073 | DP69: 45080 | DQ69: 45087 | DR69: 45094 | DS69: 45101 | DT69: 45108 | DU69: 45115 | DV69: 45122 | DW69: 45129 | DX69: 45136 | DY69: 45143 | DZ69: 45150 | EA69: 45157 | EB69: 45164 | EC69: 45171 | ED69: 45178 | EE69: 45185 | EF69: 45192 | EG69: 45199 | EH69: 45206 | EI69: 45213 | EJ69: 45220 | EK69: 45227 | EL69: 45234 | EM69: 45241 | EN69: 45248 | EO69: 45255 | EP69: 45262 | EQ69: 45269 | ER69: 45276 | ES69: 45283 | ET69: 45290 | EU69: 45297 | EV69: 45304 | EW69: 45311 | EX69: 45318 | EY69: 45325 | EZ69: 45332 | FA69: 45339 | FB69: 45346 | FC69: 45353 | FD69: 45360 | FE69: 45367 | FF69: 45374 | FG69: 45381 | FH69: 45388 | FI69: 45395 | FJ69: 45402 | FK69: 45409 | FL69: 45416 | FM69: 45423 | FN69: 45430 | FO69: 45437 | FP69: 45444 | FQ69: 45451 | FR69: 45458 | FS69: 45465 | FT69: 45472 | FU69: 45479 | FV69: 45486 | FW69: 45493 | FX69: 45500 | FY69: 45507 | FZ69: 45514 | GA69: 45521 | GB69: 45528 | GC69: 45535 | GD69: 45542 | GE69: 45549 | GF69: 45556 | GG69: 45563 | GH69: 45570 | GI69: 45577 | GJ69: 45584 | GK69: 45591 | GL69: 45598 | GM69: 45605 | GN69: 45612 | GO69: 45619 | GP69: 45626 | GQ69: 45633 | GR69: 45640 | GS69: 45647 | GT69: 45654 | GU69: 45661 | GV69: 45668 | GW69: 45675 | GX69: 45682 | GY69: 45689 | GZ69: 45696 | HA69: 45703 | HB69: 45710 | HC69: 45717 | HD69: 45724 | HE69: 45731 | HF69: 45738 | HG69: 45745 | HH69: 45752 | HI69: 45759 | HJ69: 45766 | HK69: 45773 | HL69: 45780 | HM69: 45787 | HN69: 45794 | HO69: 45801 | HP69: 45808 | HQ69: 45815 | HR69: 45822 | HS69: 45829 | HT69: 45836 | HU69: 45843 | HV69: 45850 | HW69: 45857 | HX69: 45864 | HY69: 45871 | HZ69: 45878 | IA69: 45885 | IB69: 45892 | IC69: 45899 | ID69: 45906 | IE69: 45913 | IF69: 45920 | IG69: 45927 | IH69: 45934 | II69: 45941 | IJ69: 45948 | IK69: 45955 | IL69: 45962 | IM69: 45969 | IN69: 45976 | IO69: 45983 | IP69: 45990 | IQ69: 45997 | IR69: 46004 | IS69: 46011 | IT69: 46018 | IU69: 46025 | IW69: Units | IX69: BBY Cost | IY69: Sales at Cost | IZ69: MSRP | JA69: Sales at MSRP
C70: AS-TBSH-BS-HB | D70: AquaSonic Black UltraSonic ToothBrush Ultimate Bundle | IW70: =SUM(E70:IU70) -> 0 | IX70: 37.46 | IY70: =IW70*IX70 -> 0 | IZ70: 49.95 | JA70: =IW70*IZ70 -> 0
C71: AS-TBSH-DUOP-HB | D71: AquaSonic - Duo Series Pro Rechargeable Electric Toothbrush Ultimate Bundle | IW71: =SUM(E71:IU71) -> 0 | IX71: 74.96 | IY71: =IW71*IX71 -> 0 | IZ71: 99.95 | JA71: =IW71*IZ71 -> 0
B72: 6550471 | C72: AS-ELITE-BK | D72: Aquasonic Elite Series Electric Toothbrush - Black | GH72: 92 | GI72: 68 | GJ72: 103 | GK72: 50 | GL72: 110 | GM72: 57 | GN72: 120 | GO72: 100 | GP72: 265 | GQ72: 130 | GR72: 202 | GS72: 344 | GT72: 358 | GU72: 127 | GV72: 46 | GW72: 73 | GX72: 58 | GY72: 88 | GZ72: 76 | HA72: 69 | HB72: 72 | HC72: 110 | HD72: 65 | HE72: 63 | HF72: 103 | HG72: 52 | HH72: 56 | HI72: 53 | HJ72: 76 | HK72: 35 | HL72: 33 | HM72: 46 | HN72: 44 | HO72: 98 | HP72: 80 | HQ72: 45 | HR72: 43 | HS72: 81 | HT72: 61 | HU72: 62 | HV72: 103 | HW72: 71 | HX72: 46 | HY72: 93 | HZ72: 52 | IA72: 49 | IB72: 45 | IC72: 83 | ID72: 75 | IE72: 38 | IF72: 42 | IG72: 50 | IH72: 37 | II72: 41 | IJ72: 43 | IK72: 31 | IL72: 40 | IM72: 31 | IN72: 38 | IO72: 41 | IP72: 146 | IQ72: 39 | IW72: =SUM(E72:IU72) -> 5048 | IX72: 37.46 | IY72: =IW72*IX72 -> 189098.08 | IZ72: 49.95 | JA72: =IW72*IZ72 -> 252147.6
B73: 6550544 | C73: AS-ELITE-DUO | D73: AquaSonic Elite Duo Series Electric Toothbrush Set | GH73: 86 | GI73: 53 | GJ73: 53 | GK73: 48 | GL73: 44 | GM73: 127 | GN73: 53 | GO73: 106 | GP73: 284 | GQ73: 127 | GR73: 159 | GS73: 261 | GT73: 344 | GU73: 128 | GV73: 97 | GW73: 88 | GX73: 53 | GY73: 53 | GZ73: 52 | HA73: 50 | HB73: 44 | HC73: 51 | HD73: 61 | HE73: 56 | HF73: 46 | HG73: 41 | HH73: 59 | HI73: 124 | HJ73: 23 | HK73: 35 | HL73: 65 | HM73: 57 | HN73: 42 | HO73: 42 | HP73: 43 | HQ73: 48 | HR73: 75 | HS73: 59 | HT73: 47 | HU73: 53 | HV73: 31 | HW73: 44 | HX73: 81 | HY73: 43 | HZ73: 38 | IA73: 58 | IB73: 55 | IC73: 57 | ID73: 103 | IE73: 31 | IF73: 39 | IG73: 44 | IH73: 49 | II73: 25 | IJ73: 27 | IK73: 35 | IL73: 21 | IM73: 25 | IN73: 34 | IO73: 24 | IP73: 46 | IQ73: 29 | IW73: =SUM(E73:IU73) -> 4276 | IX73: 67.46 | IY73: =IW73*IX73 -> 288458.96 | IZ73: 89.95 | JA73: =IW73*IZ73 -> 384626.2
B74: 6552876 | C74: AS-ELITE-FLOS-BK | D74: AquaSonic Elite Flosser - Black | GH74: 232 | GI74: 81 | GJ74: 175 | GK74: 119 | GL74: 253 | GM74: 159 | GN74: 208 | GO74: 244 | GP74: 657 | GQ74: 376 | GR74: 437 | GS74: 668 | GT74: 527 | GU74: 234 | GV74: 67 | GW74: 90 | GX74: 47 | GY74: 137 | GZ74: 160 | HA74: 164 | HB74: 143 | HC74: 254 | HD74: 135 | HE74: 321 | HF74: 114 | HG74: 92 | HH74: 116 | HI74: 98 | HJ74: 152 | HK74: 64 | HL74: 88 | HM74: 80 | HN74: 70 | HO74: 139 | HP74: 94 | HQ74: 76 | HR74: 100 | HS74: 91 | HT74: 85 | HU74: 121 | HV74: 68 | HW74: 58 | HX74: 73 | HY74: 87 | HZ74: 62 | IA74: 54 | IB74: 72 | IC74: 112 | ID74: 40 | IE74: 58 | IF74: 72 | IG74: 65 | IH74: 50 | II74: 57 | IJ74: 41 | IK74: 41 | IL74: 54 | IM74: 50 | IN74: 30 | IO74: 50 | IP74: 125 | IQ74: 77 | IW74: =SUM(E74:IU74) -> 8864 | IX74: 37.46 | IY74: =IW74*IX74 -> 332045.44 | IZ74: 49.95 | JA74: =IW74*IZ74 -> 442756.8
B75: 6550477 | C75: AS-ICON-NV | D75: Aquasonic Icon ADA-Accepted Rechargeable Toothbrush (Navy) | GH75: 58 | GI75: 65 | GJ75: 57 | GK75: 74 | GL75: 199 | GM75: 39 | GN75: 52 | GO75: 60 | GP75: 205 | GQ75: 122 | GR75: 119 | GS75: 226 | GT75: 270 | GU75: 93 | GV75: 67 | GW75: 66 | GX75: 75 | GY75: 35 | GZ75: 45 | HA75: 62 | HB75: 36 | HC75: 43 | HD75: 31 | HE75: 27 | HF75: 39 | HG75: 52 | HH75: 52 | HI75: 55 | HJ75: 47 | HK75: 42 | HL75: 48 | HM75: 44 | HN75: 38 | HO75: 48 | HP75: 39 | HQ75: 29 | HR75: 42 | HS75: 25 | HT75: 40 | HU75: 72 | HV75: 37 | HW75: 28 | HX75: 37 | HY75: 31 | HZ75: 31 | IA75: 59 | IB75: 27 | IC75: 28 | ID75: 35 | IE75: 46 | IF75: 43 | IG75: 38 | IH75: 42 | II75: 46 | IJ75: 29 | IK75: 18 | IL75: 28 | IM75: 25 | IN75: 15 | IO75: 33 | IP75: 44 | IQ75: 24 | IW75: =SUM(E75:IU75) -> 3582 | IX75: 14.99 | IY75: =IW75*IX75 -> 53694.18 | IZ75: 19.99 | JA75: =IW75*IZ75 -> 71604.18
B76: 6576717 | C76: AS-ELITE-FLOS-WH | D76: AquaSonic Elite Flosser - White | FS76: 0 | FT76: 0 | FU76: 0 | FV76: 0 | FW76: 0 | FX76: 0 | FY76: 0 | FZ76: 0 | GA76: 0 | GB76: 0 | GC76: 0 | GD76: 0 | GE76: 0 | GF76: 0 | GG76: 0 | GH76: 0 | GI76: 0 | GJ76: 0 | GK76: 0 | GL76: 0 | GM76: 0 | GN76: 0 | GO76: 0 | GP76: 0 | GQ76: 0 | GR76: 0 | GS76: 0 | GT76: 0 | GU76: 0 | GV76: 0 | GW76: 0 | GX76: 0 | GY76: 0 | GZ76: 0 | HA76: 0 | HB76: 0 | HC76: 0 | HD76: 0 | HE76: 0 | HF76: 0 | HG76: 0 | HH76: 1 | HI76: 23 | HJ76: 69 | HK76: 33 | HL76: 43 | HM76: 38 | HN76: 46 | HO76: 75 | HP76: 63 | HQ76: 41 | HR76: 53 | HS76: 59 | HT76: 33 | HU76: 73 | HV76: 59 | HW76: 52 | HX76: 51 | HY76: 49 | HZ76: 43 | IA76: 74 | IB76: 81 | IC76: 110 | ID76: 77 | IE76: 46 | IF76: 63 | IG76: 50 | IH76: 56 | II76: 40 | IJ76: 47 | IK76: 49 | IL76: 28 | IM76: 47 | IN76: 26 | IO76: 42 | IP76: 94 | IQ76: 37 | IW76: =SUM(E76:IU76) -> 1871 | IX76: 37.46 | IY76: =IW76*IX76 -> 70087.66 | IZ76: 49.95 | JA76: =IW76*IZ76 -> 93456.45
CH77: =SUM(CH70:CH73) -> 0 | CI77: =SUM(CI70:CI73) -> 0 | CJ77: =SUM(CJ70:CJ73) -> 0 | CK77: =SUM(CK70:CK73) -> 0 | CL77: =SUM(CL70:CL73) -> 0 | CM77: =SUM(CM70:CM73) -> 0 | CN77: =SUM(CN70:CN73) -> 0 | CO77: =SUM(CO70:CO73) -> 0 | ... FO77: =SUM(FO70:FO73) -> 0 | FP77: =SUM(FP70:FP75) -> 0 | FQ77: =SUM(FQ70:FQ75) -> 0 | FR77: =SUM(FR70:FR75) -> 0 | FS77: =SUM(FS70:FS75) -> 0 | FT77: =SUM(FT70:FT75) -> 0 | FU77: =SUM(FU70:FU75) -> 0 | FV77: =SUM(FV70:FV75) -> 0 | FW77: =SUM(FW70:FW75) -> 0 | ... HD77: =SUM(HD70:HD75) -> 292 | HE77: =SUM(HE70:HE76) -> 467 | HF77: =SUM(HF70:HF76) -> 302 | HG77: =SUM(HG70:HG76) -> 237 | HH77: =SUM(HH70:HH76) -> 284 | HI77: =SUM(HI70:HI76) -> 353 | HJ77: =SUM(HJ70:HJ76) -> 367 | HK77: =SUM(HK70:HK76) -> 209 | HL77: =SUM(HL70:HL76) -> 277 | ... IU77: =SUM(IU70:IU76) -> 0 | IW77: =SUM(IW70:IW76) -> 23641 | IY77: =SUM(IY70:IY76) -> 933384.32 | JA77: =SUM(JA70:JA76) -> 1244591.2
B79: BBY Sku | C79: Core Sell thru (Online) | E79: 44275 | F79: 44282 | G79: 44289 | H79: 44296 | I79: 44303 | J79: 44310 | K79: 44317 | L79: 44324 | M79: 44331 | N79: 44338 | O79: 44345 | P79: 44352 | Q79: 44359 | R79: 44366 | S79: 44373 | T79: 44380 | U79: 44387 | V79: 44394 | W79: 44401 | X79: 44408 | Y79: 44415 | Z79: 44422 | AA79: 44429 | AB79: 44436 | AC79: 44443 | AD79: 44450 | AE79: 44457 | AF79: 44464 | AG79: 44471 | AH79: 44478 | AI79: 44485 | AJ79: 44492 | AK79: 44499 | AL79: 44506 | AM79: 44513 | AN79: 44520 | AO79: 44527 | AP79: 44534 | AQ79: 44541 | AR79: 44548 | AS79: 44555 | AT79: 44562 | AU79: 44569 | AV79: 44576 | AW79: 44583 | AX79: 44590 | AY79: 44597 | AZ79: 44604 | BA79: 44611 | BB79: 44618 | BC79: 44625 | BD79: 44632 | BE79: 44639 | BF79: 44646 | BG79: 44653 | BH79: 44660 | BI79: 44667 | BJ79: 44674 | BK79: 44681 | BL79: 44688 | BM79: 44695 | BN79: 44702 | BO79: 44709 | BP79: 44716 | BQ79: 44723 | BR79: 44730 | BS79: 44737 | BT79: 44744 | BU79: 44751 | BV79: 44758 | BW79: 44765 | BX79: 44772 | BY79: 44779 | BZ79: 44786 | CA79: 44793 | CB79: 44800 | CC79: 44807 | CD79: 44814 | CE79: 44821 | CF79: 44828 | CG79: 44835 | CH79: 44842 | CI79: 44849 | CJ79: 44856 | CK79: 44863 | CL79: 44870 | CM79: 44877 | CN79: 44884 | CO79: 44891 | CP79: 44898 | CQ79: 44905 | CR79: 44912 | CS79: 44919 | CT79: 44926 | CU79: 44933 | CV79: 44940 | CW79: 44947 | CX79: 44954 | CY79: 44961 | CZ79: 44968 | DA79: 44975 | DB79: 44982 | DC79: 44989 | DD79: 44996 | DE79: 45003 | DF79: 45010 | DG79: 45017 | DH79: 45024 | DI79: 45031 | DJ79: 45038 | DK79: 45045 | DL79: 45052 | DM79: 45059 | DN79: 45066 | DO79: 45073 | DP79: 45080 | DQ79: 45087 | DR79: 45094 | DS79: 45101 | DT79: 45108 | DU79: 45115 | DV79: 45122 | DW79: 45129 | DX79: 45136 | DY79: 45143 | DZ79: 45150 | EA79: 45157 | EB79: 45164 | EC79: 45171 | ED79: 45178 | EE79: 45185 | EF79: 45192 | EG79: 45199 | EH79: 45206 | EI79: 45213 | EJ79: 45220 | EK79: 45227 | EL79: 45234 | EM79: 45241 | EN79: 45248 | EO79: 45255 | EP79: 45262 | EQ79: 45269 | ER79: 45276 | ES79: 45283 | ET79: 45290 | EU79: 45297 | EV79: 45304 | EW79: 45311 | EX79: 45318 | EY79: 45325 | EZ79: 45332 | FA79: 45339 | FB79: 45346 | FC79: 45353 | FD79: 45360 | FE79: 45367 | FF79: 45374 | FG79: 45381 | FH79: 45388 | FI79: 45395 | FJ79: 45402 | FK79: 45409 | FL79: 45416 | FM79: 45423 | FN79: 45430 | FO79: 45437 | FP79: 45444 | FQ79: 45451 | FR79: 45458 | FS79: 45465 | FT79: 45472 | FU79: 45479 | FV79: 45486 | FW79: 45493 | FX79: 45500 | FY79: 45507 | FZ79: 45514 | GA79: 45521 | GB79: 45528 | GC79: 45535 | GD79: 45542 | GE79: 45549 | GF79: 45556 | GG79: 45563 | GH79: 45570 | GI79: 45577 | GJ79: 45584 | GK79: 45591 | GL79: 45598 | GM79: 45605 | GN79: 45612 | GO79: 45619 | GP79: 45626 | GQ79: 45633 | GR79: 45640 | GS79: 45647 | GT79: 45654 | GU79: 45661 | GV79: 45668 | GW79: 45675 | GX79: 45682 | GY79: 45689 | GZ79: 45696 | HA79: 45703 | HB79: 45710 | HC79: 45717 | HD79: 45724 | HE79: 45731 | HF79: 45738 | HG79: 45745 | HH79: 45752 | HI79: 45759 | HJ79: 45766 | HK79: 45773 | HL79: 45780 | HM79: 45787 | HN79: 45794 | HO79: 45801 | HP79: 45808 | HQ79: 45815 | HR79: 45822 | HS79: 45829 | HT79: 45836 | HU79: 45843 | HV79: 45850 | HW79: 45857 | HX79: 45864 | HY79: 45871 | HZ79: 45878 | IA79: 45885 | IB79: 45892 | IC79: 45899 | ID79: 45906 | IE79: 45913 | IF79: 45920 | IG79: 45927 | IH79: 45934 | II79: 45941 | IJ79: 45948 | IK79: 45955 | IL79: 45962 | IM79: 45969 | IN79: 45976 | IO79: 45983 | IP79: 45990 | IQ79: 45997 | IR79: 46004 | IS79: 46011 | IT79: 46018 | IU79: 46025 | IW79: Units | IX79: BBY Cost | IY79: Sales at Cost | IZ79: MSRP | JA79: Sales at MSRP
C80: AS-TBSH-BS-HB | D80: AquaSonic Black UltraSonic ToothBrush Ultimate Bundle | IW80: =SUM(E80:IU80) -> 0 | IX80: 37.46 | IY80: =IW80*IX80 -> 0 | IZ80: 49.95 | JA80: =IW80*IZ80 -> 0
C81: AS-TBSH-DUOP-HB | D81: AquaSonic - Duo Series Pro Rechargeable Electric Toothbrush Ultimate Bundle | IW81: =SUM(E81:IU81) -> 0 | IX81: 74.96 | IY81: =IW81*IX81 -> 0 | IZ81: 99.95 | JA81: =IW81*IZ81 -> 0
B82: 6550471 | C82: AS-ELITE-BK | D82: Aquasonic Elite Series Electric Toothbrush - Black | GH82: 58 | GI82: 51 | GJ82: 94 | GK82: 60 | GL82: 74 | GM82: 43 | GN82: 77 | GO82: 113 | GP82: 264 | GQ82: 263 | GR82: 301 | GS82: 319 | GT82: 233 | GU82: 142 | GV82: 51 | GW82: 68 | GX82: 91 | GY82: 69 | GZ82: 50 | HA82: 45 | HB82: 58 | HC82: 155 | HD82: 73 | HE82: 46 | HF82: 70 | HG82: 73 | HH82: 58 | HI82: 439 | HJ82: 91 | HK82: 67 | HL82: 40 | HM82: 31 | HN82: 20 | HO82: 56 | HP82: 266 | HQ82: 49 | HR82: 38 | HS82: 47 | HT82: 77 | HU82: 60 | HV82: 409 | HW82: 71 | HX82: 38 | HY82: 88 | HZ82: 53 | IA82: 67 | IB82: 54 | IC82: 73 | ID82: 61 | IE82: 46 | IF82: 49 | IG82: 60 | IH82: 32 | II82: 27 | IJ82: 31 | IK82: 25 | IL82: 52 | IM82: 56 | IN82: 36 | IO82: 60 | IP82: 127 | IQ82: 124 | IW82: =SUM(E82:IU82) -> 5919 | IX82: 37.46 | IY82: =IW82*IX82 -> 221725.74 | IZ82: 49.95 | JA82: =IW82*IZ82 -> 295654.05
B83: 6550544 | C83: AS-ELITE-DUO | D83: AquaSonic Elite Duo Series Electric Toothbrush Set | GH83: 26 | GI83: 45 | GJ83: 25 | GK83: 24 | GL83: 63 | GM83: 50 | GN83: 23 | GO83: 84 | GP83: 258 | GQ83: 181 | GR83: 134 | GS83: 207 | GT83: 163 | GU83: 96 | GV83: 65 | GW83: 46 | GX83: 57 | GY83: 23 | GZ83: 19 | HA83: 22 | HB83: 24 | HC83: 23 | HD83: 35 | HE83: 26 | HF83: 24 | HG83: 13 | HH83: 33 | HI83: 79 | HJ83: 44 | HK83: 17 | HL83: 34 | HM83: 48 | HN83: 30 | HO83: 15 | HP83: 17 | HQ83: 17 | HR83: 36 | HS83: 15 | HT83: 27 | HU83: 35 | HV83: 23 | HW83: 11 | HX83: 22 | HY83: 21 | HZ83: 18 | IA83: 32 | IB83: 35 | IC83: 18 | ID83: 86 | IE83: 61 | IF83: 20 | IG83: 20 | IH83: 22 | II83: 17 | IJ83: 13 | IK83: 21 | IL83: 19 | IM83: 14 | IN83: 24 | IO83: 26 | IP83: 48 | IQ83: 73 | IW83: =SUM(E83:IU83) -> 2847 | IX83: 67.46 | IY83: =IW83*IX83 -> 192058.62 | IZ83: 89.95 | JA83: =IW83*IZ83 -> 256087.65
B84: 6552876 | C84: AS-ELITE-FLOS-BK | D84: AquaSonic Elite Flosser - Black | GH84: 529 | GI84: 96 | GJ84: 172 | GK84: 124 | GL84: 133 | GM84: 95 | GN84: 163 | GO84: 193 | GP84: 550 | GQ84: 563 | GR84: 450 | GS84: 677 | GT84: 494 | GU84: 342 | GV84: 138 | GW84: 158 | GX84: 143 | GY84: 121 | GZ84: 102 | HA84: 82 | HB84: 73 | HC84: 139 | HD84: 96 | HE84: 238 | HF84: 245 | HG84: 108 | HH84: 57 | HI84: 60 | HJ84: 84 | HK84: 62 | HL84: 50 | HM84: 46 | HN84: 45 | HO84: 74 | HP84: 87 | HQ84: 55 | HR84: 42 | HS84: 44 | HT84: 63 | HU84: 372 | HV84: 203 | HW84: 92 | HX84: 52 | HY84: 49 | HZ84: 36 | IA84: 55 | IB84: 43 | IC84: 105 | ID84: 79 | IE84: 45 | IF84: 49 | IG84: 41 | IH84: 41 | II84: 31 | IJ84: 49 | IK84: 26 | IL84: 47 | IM84: 323 | IN84: 68 | IO84: 77 | IP84: 175 | IQ84: 176 | IW84: =SUM(E84:IU84) -> 9227 | IX84: 37.46 | IY84: =IW84*IX84 -> 345643.42 | IZ84: 49.95 | JA84: =IW84*IZ84 -> 460888.65
B85: 6550477 | C85: AS-ICON-NV | D85: Aquasonic Icon ADA-Accepted Rechargeable Toothbrush (Navy) | GH85: 26 | GI85: 18 | GJ85: 16 | GK85: 27 | GL85: 21 | GM85: 5 | GN85: 15 | GO85: 22 | GP85: 50 | GQ85: 63 | GR85: 68 | GS85: 86 | GT85: 70 | GU85: 42 | GV85: 66 | GW85: 53 | GX85: 97 | GY85: 18 | GZ85: 18 | HA85: 35 | HB85: 19 | HC85: 13 | HD85: 16 | HE85: 20 | HF85: 17 | HG85: 11 | HH85: 32 | HI85: 15 | HJ85: 16 | HK85: 17 | HL85: 21 | HM85: 24 | HN85: 16 | HO85: 25 | HP85: 18 | HQ85: 33 | HR85: 33 | HS85: 24 | HT85: 15 | HU85: 12 | HV85: 23 | HW85: 13 | HX85: 26 | HY85: 14 | HZ85: 16 | IA85: 32 | IB85: 15 | IC85: 13 | ID85: 10 | IE85: 15 | IF85: 21 | IG85: 35 | IH85: 30 | II85: 51 | IJ85: 33 | IK85: 25 | IL85: 12 | IM85: 32 | IN85: 4 | IO85: 16 | IP85: 31 | IQ85: 37 | IW85: =SUM(E85:IU85) -> 1717 | IX85: 14.99 | IY85: =IW85*IX85 -> 25737.83 | IZ85: 19.99 | JA85: =IW85*IZ85 -> 34322.83
B86: 6576717 | C86: AS-ELITE-FLOS-WH | D86: AquaSonic Elite Flosser - White | FS86: 0 | FT86: 0 | FU86: 0 | FV86: 0 | FW86: 0 | FX86: 0 | FY86: 0 | FZ86: 0 | GA86: 0 | GB86: 0 | GC86: 0 | GD86: 0 | GE86: 0 | GF86: 0 | GG86: 0 | GH86: 0 | GI86: 0 | GJ86: 0 | GK86: 0 | GL86: 0 | GM86: 0 | GN86: 0 | GO86: 0 | GP86: 0 | GQ86: 0 | GR86: 0 | GS86: 0 | GT86: 0 | GU86: 0 | GV86: 0 | GW86: 0 | GX86: 0 | GY86: 0 | GZ86: 0 | HA86: 0 | HB86: 0 | HC86: 0 | HD86: 0 | HE86: 0 | HF86: 30 | HG86: 14 | HH86: 10 | HI86: 17 | HJ86: 29 | HK86: 33 | HL86: 17 | HM86: 13 | HN86: 10 | HO86: 26 | HP86: 26 | HQ86: 20 | HR86: 27 | HS86: 33 | HT86: 19 | HU86: 100 | HV86: 77 | HW86: 23 | HX86: 17 | HY86: 20 | HZ86: 14 | IA86: 14 | IB86: 23 | IC86: 54 | ID86: 53 | IE86: 31 | IF86: 49 | IG86: 42 | IH86: 46 | II86: 15 | IJ86: 11 | IK86: 16 | IL86: 24 | IM86: 107 | IN86: 19 | IO86: 36 | IP86: 56 | IQ86: 43 | IW86: =SUM(E86:IU86) -> 1214 | IX86: 37.46 | IY86: =IW86*IX86 -> 45476.44 | IZ86: 49.95 | JA86: =IW86*IZ86 -> 60639.3
CH87: =SUM(CH80:CH83) -> 0 | CI87: =SUM(CI80:CI83) -> 0 | CJ87: =SUM(CJ80:CJ83) -> 0 | CK87: =SUM(CK80:CK83) -> 0 | CL87: =SUM(CL80:CL83) -> 0 | CM87: =SUM(CM80:CM83) -> 0 | CN87: =SUM(CN80:CN83) -> 0 | CO87: =SUM(CO80:CO83) -> 0 | ... FO87: =SUM(FO80:FO83) -> 0 | FP87: =SUM(FP80:FP85) -> 0 | FQ87: =SUM(FQ80:FQ85) -> 0 | FR87: =SUM(FR80:FR85) -> 0 | FS87: =SUM(FS80:FS85) -> 0 | FT87: =SUM(FT80:FT85) -> 0 | FU87: =SUM(FU80:FU85) -> 0 | FV87: =SUM(FV80:FV85) -> 0 | FW87: =SUM(FW80:FW85) -> 0 | ... HD87: =SUM(HD80:HD85) -> 220 | HE87: =SUM(HE80:HE86) -> 330 | HF87: =SUM(HF80:HF86) -> 386 | HG87: =SUM(HG80:HG86) -> 219 | HH87: =SUM(HH80:HH86) -> 190 | HI87: =SUM(HI80:HI86) -> 610 | HJ87: =SUM(HJ80:HJ86) -> 264 | HK87: =SUM(HK80:HK86) -> 196 | HL87: =SUM(HL80:HL86) -> 162 | ... IU87: =SUM(IU80:IU86) -> 0 | IW87: =SUM(IW80:IW86) -> 20924 | IY87: =SUM(IY80:IY86) -> 830642.05 | JA87: =SUM(JA80:JA86) -> 1107592.5
C89: Colors
C90: STARTED IN STORES
C91: DOTD
C92: Core SKU
C93: Moved from .com to Core
C94: Drops Offer

Sheet Sales (YEARLY)
D1: 2021 SDF | J1: 2022 SDF | P1: 2023 SDF | V1: 2024 SDF | AB1: 2025 SDF | AH1: SDF TOTALS
A2: MFG | B2: Title | D2: Units | E2: BBY Cost | F2: Sales at Cost | G2: MSRP | H2: Sales at MSRP | J2: Units | K2: BBY Cost | L2: Sales at Cost | M2: MSRP | N2: Sales at MSRP | P2: Units | Q2: BBY Cost | R2: Sales at Cost | S2: MSRP | T2: Sales at MSRP | V2: Units | W2: BBY Cost | X2: Sales at Cost | Y2: MSRP | Z2: Sales at MSRP | AB2: Units | AC2: BBY Cost | AD2: Sales at Cost | AE2: MSRP | AF2: Sales at MSRP | AH2: Units | AI2: BBY Cost | AJ2: Sales at Cost | AK2: MSRP | AL2: Sales at MSRP
A3: AS-TBSH-DUOP | B3: AQUASONIC DUO PRO ULTRA TOOTHBRUSHES | D3: =SUM('Sales TOTAL'!E2:AS2) -> 457 | E3: 59.96 | F3: =D3*E3 -> 27401.72 | G3: 79.95 | H3: =D3*G3 -> 36537.15 | J3: =SUM('Sales TOTAL'!AT2:CT2) -> 0 | K3: 59.96 | L3: =J3*K3 -> 0 | M3: 79.95 | N3: =J3*M3 -> 0 | P3: =SUM('Sales TOTAL'!CU2:ET2) -> 0 | Q3: 59.96 | R3: =P3*Q3 -> 0 | S3: 79.95 | T3: =P3*S3 -> 0 | V3: =SUM('Sales TOTAL'!EU2:GT2) -> 0 | W3: 59.96 | X3: =V3*W3 -> 0 | Y3: 79.95 | Z3: =V3*Y3 -> 0 | AB3: =SUM('Sales TOTAL'!GU2:HX2) -> 0 | AC3: 59.96 | AD3: =AB3*AC3 -> 0 | AE3: 79.95 | AF3: =AB3*AE3 -> 0 | AH3: =D3+J3+P3+V3+AB3 -> 457 | AI3: 59.96 | AJ3: =F3+L3+R3+X3+AD3 -> 27401.72 | AK3: 79.95 | AL3: =H3+N3+T3+Z3+AF3 -> 36537.15
A4: AS-FLOS-REG | B4: AQUA FLOSSER RCHRGBLE ORAL IRRIGATOR | D4: =SUM('Sales TOTAL'!E3:AS3) -> 205 | E4: 29.99 | F4: =D4*E4 -> 6147.95 | G4: 39.95 | H4: =D4*G4 -> 8189.75 | J4: =SUM('Sales TOTAL'!AT3:CT3) -> 238 | K4: 29.99 | L4: =J4*K4 -> 7137.62 | M4: 39.95 | N4: =J4*M4 -> 9508.1 | P4: =SUM('Sales TOTAL'!CU3:ET3) -> 52 | Q4: 29.99 | R4: =P4*Q4 -> 1559.48 | S4: 39.95 | T4: =P4*S4 -> 2077.4 | V4: =SUM('Sales TOTAL'!EU3:GT3) -> 0 | W4: 29.99 | X4: =V4*W4 -> 0 | Y4: 39.95 | Z4: =V4*Y4 -> 0 | AB4: =SUM('Sales TOTAL'!GU3:HX3) -> 0 | AC4: 29.99 | AD4: =AB4*AC4 -> 0 | AE4: 39.95 | AF4: =AB4*AE4 -> 0 | AH4: =D4+J4+P4+V4+AB4 -> 495 | AI4: 29.99 | AJ4: =F4+L4+R4+X4+AD4 -> 14845.05 | AK4: 39.95 | AL4: =H4+N4+T4+Z4+AF4 -> 19775.25
A5: AS-HDSC-SET | B5: COMPLETE FAMILY ORAL CARE | D5: =SUM('Sales TOTAL'!E4:AS4) -> 394 | E5: 37.46 | F5: =D5*E5 -> 14759.24 | G5: 49.95 | H5: =D5*G5 -> 19680.3 | J5: =SUM('Sales TOTAL'!AT4:CT4) -> 211 | K5: 37.46 | L5: =J5*K5 -> 7904.06 | M5: 49.95 | N5: =J5*M5 -> 10539.45 | P5: =SUM('Sales TOTAL'!CU4:ET4) -> 146 | Q5: 37.46 | R5: =P5*Q5 -> 5469.16 | S5: 49.95 | T5: =P5*S5 -> 7292.7 | V5: =SUM('Sales TOTAL'!EU4:GT4) -> 0 | W5: 37.46 | X5: =V5*W5 -> 0 | Y5: 49.95 | Z5: =V5*Y5 -> 0 | AB5: =SUM('Sales TOTAL'!GU4:HX4) -> 0 | AC5: 37.46 | AD5: =AB5*AC5 -> 0 | AE5: 49.95 | AF5: =AB5*AE5 -> 0 | AH5: =D5+J5+P5+V5+AB5 -> 751 | AI5: 37.46 | AJ5: =F5+L5+R5+X5+AD5 -> 28132.46 | AK5: 49.95 | AL5: =H5+N5+T5+Z5+AF5 -> 37512.45
A6: AS-FLOS-PRO | B6: AQUASONIC AQUA FLOSSER PRO | D6: =SUM('Sales TOTAL'!E5:AS5) -> 43 | E6: 37.49 | F6: =D6*E6 -> 1612.07 | G6: 49.95 | H6: =D6*G6 -> 2147.85 | J6: =SUM('Sales TOTAL'!AT5:CT5) -> 23 | K6: 37.49 | L6: =J6*K6 -> 862.27 | M6: 49.95 | N6: =J6*M6 -> 1148.85 | P6: =SUM('Sales TOTAL'!CU5:ET5) -> 0 | Q6: 37.49 | R6: =P6*Q6 -> 0 | S6: 49.95 | T6: =P6*S6 -> 0 | V6: =SUM('Sales TOTAL'!EU5:GT5) -> 0 | W6: 37.49 | X6: =V6*W6 -> 0 | Y6: 49.95 | Z6: =V6*Y6 -> 0 | AB6: =SUM('Sales TOTAL'!GU5:HX5) -> 0 | AC6: 37.49 | AD6: =AB6*AC6 -> 0 | AE6: 49.95 | AF6: =AB6*AE6 -> 0 | AH6: =D6+J6+P6+V6+AB6 -> 66 | AI6: 37.49 | AJ6: =F6+L6+R6+X6+AD6 -> 2474.34 | AK6: 49.95 | AL6: =H6+N6+T6+Z6+AF6 -> 3296.7
A7: AS-TBSH-BS | B7: AQUASONIC BLACK ULTRA SONIC TOOTHBRUSH | D7: =SUM('Sales TOTAL'!E6:AS6) -> 1111 | E7: 27.71 | F7: =D7*E7 -> 30785.81 | G7: 36.95 | H7: =D7*G7 -> 41051.45 | J7: =SUM('Sales TOTAL'!AT6:CT6) -> 0 | K7: 27.71 | L7: =J7*K7 -> 0 | M7: 36.95 | N7: =J7*M7 -> 0 | P7: =SUM('Sales TOTAL'!CU6:ET6) -> 0 | Q7: 27.71 | R7: =P7*Q7 -> 0 | S7: 36.95 | T7: =P7*S7 -> 0 | V7: =SUM('Sales TOTAL'!EU6:GT6) -> 0 | W7: 27.71 | X7: =V7*W7 -> 0 | Y7: 36.95 | Z7: =V7*Y7 -> 0 | AB7: =SUM('Sales TOTAL'!GU6:HX6) -> 0 | AC7: 27.71 | AD7: =AB7*AC7 -> 0 | AE7: 36.95 | AF7: =AB7*AE7 -> 0 | AH7: =D7+J7+P7+V7+AB7 -> 1111 | AI7: 27.71 | AJ7: =F7+L7+R7+X7+AD7 -> 30785.81 | AK7: 36.95 | AL7: =H7+N7+T7+Z7+AF7 -> 41051.45
A8: AS-TBSH-DUO | B8: AQUASONIC DUO ULTRA TOOTHBRUSHES | D8: =SUM('Sales TOTAL'!E7:AS7) -> 421 | E8: 37.46 | F8: =D8*E8 -> 15770.66 | G8: 49.95 | H8: =D8*G8 -> 21028.95 | J8: =SUM('Sales TOTAL'!AT7:CT7) -> 858 | K8: 37.46 | L8: =J8*K8 -> 32140.68 | M8: 49.95 | N8: =J8*M8 -> 42857.1 | P8: =SUM('Sales TOTAL'!CU7:ET7) -> 532 | Q8: 37.46 | R8: =P8*Q8 -> 19928.72 | S8: 49.95 | T8: =P8*S8 -> 26573.4 | V8: =SUM('Sales TOTAL'!EU7:GT7) -> 0 | W8: 37.46 | X8: =V8*W8 -> 0 | Y8: 49.95 | Z8: =V8*Y8 -> 0 | AB8: =SUM('Sales TOTAL'!GU7:HX7) -> 0 | AC8: 37.46 | AD8: =AB8*AC8 -> 0 | AE8: 49.95 | AF8: =AB8*AE8 -> 0 | AH8: =D8+J8+P8+V8+AB8 -> 1811 | AI8: 37.46 | AJ8: =F8+L8+R8+X8+AD8 -> 67840.06 | AK8: 49.95 | AL8: =H8+N8+T8+Z8+AF8 -> 90459.45
A9: AS-TBSH-CH | B9: AQUASONIC VIBE ULTRA TOOTHBRUSH CHARCL | D9: =SUM('Sales TOTAL'!E8:AS8) -> 456 | E9: 27.71 | F9: =D9*E9 -> 12635.76 | G9: 36.95 | H9: =D9*G9 -> 16849.2 | J9: =SUM('Sales TOTAL'!AT8:CT8) -> 15 | K9: 27.71 | L9: =J9*K9 -> 415.65 | M9: 36.95 | N9: =J9*M9 -> 554.25 | P9: =SUM('Sales TOTAL'!CU8:ET8) -> 0 | Q9: 27.71 | R9: =P9*Q9 -> 0 | S9: 36.95 | T9: =P9*S9 -> 0 | V9: =SUM('Sales TOTAL'!EU8:GT8) -> 0 | W9: 27.71 | X9: =V9*W9 -> 0 | Y9: 36.95 | Z9: =V9*Y9 -> 0 | AB9: =SUM('Sales TOTAL'!GU8:HX8) -> 0 | AC9: 27.71 | AD9: =AB9*AC9 -> 0 | AE9: 36.95 | AF9: =AB9*AE9 -> 0 | AH9: =D9+J9+P9+V9+AB9 -> 471 | AI9: 27.71 | AJ9: =F9+L9+R9+X9+AD9 -> 13051.41 | AK9: 36.95 | AL9: =H9+N9+T9+Z9+AF9 -> 17403.45
A10: AS-TBSH-RG | B10: AQUASONIC VIBE ULTRA TOOTHBRUSH-RSGLD | D10: =SUM('Sales TOTAL'!E9:AS9) -> 665 | E10: 27.71 | F10: =D10*E10 -> 18427.15 | G10: 36.95 | H10: =D10*G10 -> 24571.75 | J10: =SUM('Sales TOTAL'!AT9:CT9) -> 70 | K10: 27.71 | L10: =J10*K10 -> 1939.7 | M10: 36.95 | N10: =J10*M10 -> 2586.5 | P10: =SUM('Sales TOTAL'!CU9:ET9) -> 5 | Q10: 27.71 | R10: =P10*Q10 -> 138.55 | S10: 36.95 | T10: =P10*S10 -> 184.75 | V10: =SUM('Sales TOTAL'!EU9:GT9) -> 0 | W10: 27.71 | X10: =V10*W10 -> 0 | Y10: 36.95 | Z10: =V10*Y10 -> 0 | AB10: =SUM('Sales TOTAL'!GU9:HX9) -> 0 | AC10: 27.71 | AD10: =AB10*AC10 -> 0 | AE10: 36.95 | AF10: =AB10*AE10 -> 0 | AH10: =D10+J10+P10+V10+AB10 -> 740 | AI10: 27.71 | AJ10: =F10+L10+R10+X10+AD10 -> 20505.4 | AK10: 36.95 | AL10: =H10+N10+T10+Z10+AF10 -> 27343
A11: AS-TBSH-WH | B11: AQUASONIC VIBE ULTRA TOOTHBRUSH-WHITE | D11: =SUM('Sales TOTAL'!E10:AS10) -> 347 | E11: 27.71 | F11: =D11*E11 -> 9615.37 | G11: 36.95 | H11: =D11*G11 -> 12821.65 | J11: =SUM('Sales TOTAL'!AT10:CT10) -> 8 | K11: 27.71 | L11: =J11*K11 -> 221.68 | M11: 36.95 | N11: =J11*M11 -> 295.6 | P11: =SUM('Sales TOTAL'!CU10:ET10) -> 0 | Q11: 27.71 | R11: =P11*Q11 -> 0 | S11: 36.95 | T11: =P11*S11 -> 0 | V11: =SUM('Sales TOTAL'!EU10:GT10) -> 0 | W11: 27.71 | X11: =V11*W11 -> 0 | Y11: 36.95 | Z11: =V11*Y11 -> 0 | AB11: =SUM('Sales TOTAL'!GU10:HX10) -> 0 | AC11: 27.71 | AD11: =AB11*AC11 -> 0 | AE11: 36.95 | AF11: =AB11*AE11 -> 0 | AH11: =D11+J11+P11+V11+AB11 -> 355 | AI11: 27.71 | AJ11: =F11+L11+R11+X11+AD11 -> 9837.05 | AK11: 36.95 | AL11: =H11+N11+T11+Z11+AF11 -> 13117.25
A12: AS-TBSH-PLUS | B12: AQUASONIC BLACK SERIES PLUS TOOTHBRUSH | D12: =SUM('Sales TOTAL'!E11:AS11) -> 625 | E12: 37.49 | F12: =D12*E12 -> 23431.25 | G12: 49.95 | H12: =D12*G12 -> 31218.75 | J12: =SUM('Sales TOTAL'!AT11:CT11) -> 204 | K12: 37.49 | L12: =J12*K12 -> 7647.96 | M12: 49.95 | N12: =J12*M12 -> 10189.8 | P12: =SUM('Sales TOTAL'!CU11:ET11) -> 298 | Q12: 37.49 | R12: =P12*Q12 -> 11172.02 | S12: 49.95 | T12: =P12*S12 -> 14885.1 | V12: =SUM('Sales TOTAL'!EU11:GT11) -> 0 | W12: 37.49 | X12: =V12*W12 -> 0 | Y12: 49.95 | Z12: =V12*Y12 -> 0 | AB12: =SUM('Sales TOTAL'!GU11:HX11) -> 0 | AC12: 37.49 | AD12: =AB12*AC12 -> 0 | AE12: 49.95 | AF12: =AB12*AE12 -> 0 | AH12: =D12+J12+P12+V12+AB12 -> 1127 | AI12: 37.49 | AJ12: =F12+L12+R12+X12+AD12 -> 42251.23 | AK12: 49.95 | AL12: =H12+N12+T12+Z12+AF12 -> 56293.65
A13: AS-TBSH-BS-HB | B13: AquaSonic Black UltraSonic ToothBrush Ultimate Bundle | D13: =SUM('Sales TOTAL'!E12:AS12) -> 230 | E13: 37.46 | F13: =D13*E13 -> 8615.8 | G13: 49.95 | H13: =D13*G13 -> 11488.5 | J13: =SUM('Sales TOTAL'!AT12:CT12) -> 2332 | K13: 37.46 | L13: =J13*K13 -> 87356.72 | M13: 49.95 | N13: =J13*M13 -> 116483.4 | P13: =SUM('Sales TOTAL'!CU12:ET12) -> 0 | Q13: 37.46 | R13: =P13*Q13 -> 0 | S13: 49.95 | T13: =P13*S13 -> 0 | V13: =SUM('Sales TOTAL'!EU12:GT12) -> 0 | W13: 37.46 | X13: =V13*W13 -> 0 | Y13: 49.95 | Z13: =V13*Y13 -> 0 | AB13: =SUM('Sales TOTAL'!GU12:HX12) -> 0 | AC13: 37.46 | AD13: =AB13*AC13 -> 0 | AE13: 49.95 | AF13: =AB13*AE13 -> 0 | AH13: =D13+J13+P13+V13+AB13 -> 2562 | AI13: 37.46 | AJ13: =F13+L13+R13+X13+AD13 -> 95972.52 | AK13: 49.95 | AL13: =H13+N13+T13+Z13+AF13 -> 127971.9
A14: AS-TBSH-DUOP-HB | B14: AquaSonic - Duo Series Pro Rechargeable Electric Toothbrush Ultimate Bundle | D14: =SUM('Sales TOTAL'!E13:AS13) -> 160 | E14: 74.96 | F14: =D14*E14 -> 11993.6 | G14: 99.95 | H14: =D14*G14 -> 15992 | J14: =SUM('Sales TOTAL'!AT13:CT13) -> 2908 | K14: 74.96 | L14: =J14*K14 -> 217983.68 | M14: 99.95 | N14: =J14*M14 -> 290654.6 | P14: =SUM('Sales TOTAL'!CU13:ET13) -> 4 | Q14: 74.96 | R14: =P14*Q14 -> 299.84 | S14: 99.95 | T14: =P14*S14 -> 399.8 | V14: =SUM('Sales TOTAL'!EU13:GT13) -> 0 | W14: 74.96 | X14: =V14*W14 -> 0 | Y14: 99.95 | Z14: =V14*Y14 -> 0 | AB14: =SUM('Sales TOTAL'!GU13:HX13) -> 0 | AC14: 74.96 | AD14: =AB14*AC14 -> 0 | AE14: 99.95 | AF14: =AB14*AE14 -> 0 | AH14: =D14+J14+P14+V14+AB14 -> 3072 | AI14: 74.96 | AJ14: =F14+L14+R14+X14+AD14 -> 230277.12 | AK14: 99.95 | AL14: =H14+N14+T14+Z14+AF14 -> 307046.4
... A56: PDC-SKIN-HYAL1 | B56: High Energy Hyaluronic Serum (1oz) - Hydrating Clinical Grade Hyaluronic Acid | D56: =SUM('Sales TOTAL'!E55:AS55) -> 0 | E56: 16.97 | F56: =D56*E56 -> 0 | G56: 24.95 | H56: =D56*G56 -> 0 | J56: =SUM('Sales TOTAL'!AT55:CT55) -> 0 | K56: 16.97 | L56: =J56*K56 -> 0 | M56: 24.95 | N56: =J56*M56 -> 0 | P56: =SUM('Sales TOTAL'!CU55:ET55) -> 17 | Q56: 16.97 | R56: =P56*Q56 -> 288.49 | S56: 24.95 | T56: =P56*S56 -> 424.15 | V56: =SUM('Sales TOTAL'!EU55:GT55) -> 50 | W56: 16.97 | X56: =V56*W56 -> 848.5 | Y56: 24.95 | Z56: =V56*Y56 -> 1247.5 | AB56: =SUM('Sales TOTAL'!GU55:HX55) -> 40 | AC56: 16.97 | AD56: =AB56*AC56 -> 678.8 | AE56: 24.95 | AF56: =AB56*AE56 -> 998 | AH56: =D56+J56+P56+V56+AB56 -> 107 | AI56: 16.97 | AJ56: =F56+L56+R56+X56+AD56 -> 1815.79 | AK56: 24.95 | AL56: =H56+N56+T56+Z56+AF56 -> 2669.65
D57: =SUM(D3:D56) -> 5114 | F57: =SUM(F3:F56) -> 181196.38 | H57: =SUM(H3:H56) -> 241577.3 | J57: =SUM(J3:J56) -> 11244 | L57: =SUM(L3:L56) -> 555014.89 | N57: =SUM(N3:N56) -> 728784.8 | P57: =SUM(P3:P56) -> 7022 | R57: =SUM(R3:R56) -> 244325.81 | T57: =SUM(T3:T56) -> 313078.7 | V57: =SUM(V3:V56) -> 9784 | X57: =SUM(X3:X56) -> 333322.4 | Z57: =SUM(Z3:Z56) -> 441241.88 | AB57: =SUM(AB3:AB56) -> 2410 | AD57: =SUM(AD3:AD56) -> 81969.6 | AF57: =SUM(AF3:AF56) -> 113692.78 | AH57: =D57+J57+P57+V57+AB57 -> 35574 | AJ57: =F57+L57+R57+X57+AD57 -> 1395829.1 | AL57: =H57+N57+T57+Z57+AF57 -> 1838375.5
D59: 2021 CORE | J59: 2022 CORE | P59: 2023 CORE | V59: 2024 CORE | AB59: 2025 CORE | AH59: CORE TOTALS
A60: MFG | B60: Title | D60: Units | E60: BBY Cost | F60: Sales at Cost | G60: MSRP | H60: Sales at MSRP | J60: Units | K60: BBY Cost | L60: Sales at Cost | M60: MSRP | N60: Sales at MSRP | P60: Units | Q60: BBY Cost | R60: Sales at Cost | S60: MSRP | T60: Sales at MSRP | V60: Units | W60: BBY Cost | X60: Sales at Cost | Y60: MSRP | Z60: Sales at MSRP | AB60: Units | AC60: BBY Cost | AD60: Sales at Cost | AE60: MSRP | AF60: Sales at MSRP | AH60: Units | AI60: BBY Cost | AJ60: Sales at Cost | AK60: MSRP | AL60: Sales at MSRP
A61: AS-TBSH-BS-HB | B61: AquaSonic Black UltraSonic ToothBrush Ultimate Bundle | D61: 0 | E61: 37.46 | F61: =D61*E61 -> 0 | G61: 49.95 | H61: =D61*G61 -> 0 | J61: =SUM('Sales TOTAL'!CH60:CT60) -> 2654 | K61: 37.46 | L61: =J61*K61 -> 99418.84 | M61: 49.95 | N61: =J61*M61 -> 132567.3 | P61: =SUM('Sales TOTAL'!CU60:ET60) -> 4914 | Q61: 37.46 | R61: =P61*Q61 -> 184078.44 | S61: 49.95 | T61: =P61*S61 -> 245454.3 | V61: =SUM('Sales TOTAL'!EU60:GT60) -> 654 | W61: 37.46 | X61: =V61*W61 -> 24498.84 | Y61: 49.95 | Z61: =V61*Y61 -> 32667.3 | AB61: =SUM('Sales TOTAL'!GU60:HX60) -> 0 | AC61: 37.46 | AD61: =AB61*AC61 -> 0 | AE61: 49.95 | AF61: =AB61*AE61 -> 0 | AH61: =V61+P61+J61+D61+AB61 -> 8222 | AI61: 37.46 | AJ61: =F61+L61+R61+X61+AD61 -> 307996.12 | AK61: 49.95 | AL61: =Z61+T61+N61+H61+AF61 -> 410688.9
A62: AS-TBSH-DUOP-HB | B62: AquaSonic - Duo Series Pro Rechargeable Electric Toothbrush Ultimate Bundle | D62: 0 | E62: 74.96 | F62: =D62*E62 -> 0 | G62: 99.95 | H62: =D62*G62 -> 0 | J62: =SUM('Sales TOTAL'!CH61:CT61) -> 1753 | K62: 74.96 | L62: =J62*K62 -> 131404.88 | M62: 99.95 | N62: =J62*M62 -> 175212.35 | P62: =SUM('Sales TOTAL'!CU61:ET61) -> 4790 | Q62: 74.96 | R62: =P62*Q62 -> 359058.4 | S62: 99.95 | T62: =P62*S62 -> 478760.5 | V62: =SUM('Sales TOTAL'!EU61:GT61) -> 340 | W62: 74.96 | X62: =V62*W62 -> 25486.4 | Y62: 99.95 | Z62: =V62*Y62 -> 33983 | AB62: =SUM('Sales TOTAL'!GU61:HX61) -> 0 | AC62: 74.96 | AD62: =AB62*AC62 -> 0 | AE62: 99.95 | AF62: =AB62*AE62 -> 0 | AH62: =V62+P62+J62+D62+AB62 -> 6883 | AI62: 74.96 | AJ62: =F62+L62+R62+X62+AD62 -> 515949.68 | AK62: 99.95 | AL62: =Z62+T62+N62+H62+AF62 -> 687955.85
A63: AS-ELITE-BK | B63: Aquasonic Elite Series Electric Toothbrush - Black | D63: 0 | E63: 37.46 | F63: =D63*E63 -> 0 | G63: 49.95 | H63: =D63*G63 -> 0 | J63: =SUM('Sales TOTAL'!CH62:CT62) -> 0 | K63: 37.46 | L63: =J63*K63 -> 0 | M63: 49.95 | N63: =J63*M63 -> 0 | P63: =SUM('Sales TOTAL'!CU62:ET62) -> 2372 | Q63: 37.46 | R63: =P63*Q63 -> 88855.12 | S63: 49.95 | T63: =P63*S63 -> 118481.4 | V63: =SUM('Sales TOTAL'!EU62:GT62) -> 10364 | W63: 37.46 | X63: =V63*W63 -> 388235.44 | Y63: 49.95 | Z63: =V63*Y63 -> 517681.8 | AB63: =SUM('Sales TOTAL'!GU62:HX62) -> 4883 | AC63: 37.46 | AD63: =AB63*AC63 -> 182917.18 | AE63: 49.95 | AF63: =AB63*AE63 -> 243905.85 | AH63: =V63+P63+J63+D63+AB63 -> 17619 | AI63: 37.46 | AJ63: =F63+L63+R63+X63+AD63 -> 660007.74 | AK63: 49.95 | AL63: =Z63+T63+N63+H63+AF63 -> 880069.05
A64: AS-ELITE-DUO | B64: AquaSonic Elite Duo Series Electric Toothbrush Set | D64: 0 | E64: 67.46 | F64: =D64*E64 -> 0 | G64: 89.95 | H64: =D64*G64 -> 0 | J64: =SUM('Sales TOTAL'!CH63:CT63) -> 0 | K64: 67.46 | L64: =J64*K64 -> 0 | M64: 89.95 | N64: =J64*M64 -> 0 | P64: =SUM('Sales TOTAL'!CU63:ET63) -> 1472 | Q64: 67.46 | R64: =P64*Q64 -> 99301.12 | S64: 89.95 | T64: =P64*S64 -> 132406.4 | V64: =SUM('Sales TOTAL'!EU63:GT63) -> 7652 | W64: 67.46 | X64: =V64*W64 -> 516203.92 | Y64: 89.95 | Z64: =V64*Y64 -> 688297.4 | AB64: =SUM('Sales TOTAL'!GU63:HX63) -> 2724 | AC64: 67.46 | AD64: =AB64*AC64 -> 183761.04 | AE64: 89.95 | AF64: =AB64*AE64 -> 245023.8 | AH64: =V64+P64+J64+D64+AB64 -> 11848 | AI64: 67.46 | AJ64: =F64+L64+R64+X64+AD64 -> 799266.08 | AK64: 89.95 | AL64: =Z64+T64+N64+H64+AF64 -> 1065727.6
A65: AS-ELITE-FLOS-BK | B65: AquaSonic Elite Flosser - Black | D65: 0 | E65: 37.46 | F65: =D65*E65 -> 0 | G65: 49.95 | H65: =D65*G65 -> 0 | J65: =SUM('Sales TOTAL'!CH64:CT64) -> 0 | K65: 37.46 | L65: =J65*K65 -> 0 | M65: 49.95 | N65: =J65*M65 -> 0 | P65: =SUM('Sales TOTAL'!CU64:ET64) -> 0 | Q65: 37.46 | R65: =P65*Q65 -> 0 | S65: 49.95 | T65: =P65*S65 -> 0 | V65: =SUM('Sales TOTAL'!EU64:GT64) -> 12700 | W65: 37.46 | X65: =V65*W65 -> 475742 | Y65: 49.95 | Z65: =V65*Y65 -> 634365 | AB65: =SUM('Sales TOTAL'!GU64:HX64) -> 7004 | AC65: 37.46 | AD65: =AB65*AC65 -> 262369.84 | AE65: 49.95 | AF65: =AB65*AE65 -> 349849.8 | AH65: =V65+P65+J65+D65+AB65 -> 19704 | AI65: 37.46 | AJ65: =F65+L65+R65+X65+AD65 -> 738111.84 | AK65: 49.95 | AL65: =Z65+T65+N65+H65+AF65 -> 984214.8
A66: AS-ICON-NV | B66: Aquasonic Icon ADA-Accepted Rechargeable Toothbrush (Navy) | D66: 0 | E66: 18.71 | F66: =D66*E66 -> 0 | G66: 19.99 | H66: =D66*G66 -> 0 | J66: =SUM('Sales TOTAL'!CH65:CT65) -> 0 | K66: 18.71 | L66: =J66*K66 -> 0 | M66: 19.99 | N66: =J66*M66 -> 0 | P66: =SUM('Sales TOTAL'!CU65:ET65) -> 0 | Q66: 18.71 | R66: =P66*Q66 -> 0 | S66: 19.99 | T66: =P66*S66 -> 0 | V66: =SUM('Sales TOTAL'!EU65:GT65) -> 3167 | W66: 18.71 | X66: =V66*W66 -> 59254.57 | Y66: 19.99 | Z66: =V66*Y66 -> 63308.33 | AB66: =SUM('Sales TOTAL'!GU65:HX65) -> 2182 | AC66: 18.71 | AD66: =AB66*AC66 -> 40825.22 | AE66: 19.99 | AF66: =AB66*AE66 -> 43618.18 | AH66: =V66+P66+J66+D66+AB66 -> 5349 | AI66: 18.71 | AJ66: =F66+L66+R66+X66+AD66 -> 100079.79 | AK66: 19.99 | AL66: =Z66+T66+N66+H66+AF66 -> 106926.51
A67: AS-ELITE-FLOS-WH | B67: AQUASONIC WATER FLOSSER SMB WHITE | D67: 0 | E67: 37.46 | F67: =D67*E67 -> 0 | G67: 49.95 | H67: =D67*G67 -> 0 | J67: =SUM('Sales TOTAL'!CH66:CT66) -> 0 | K67: 37.46 | L67: =J67*K67 -> 0 | M67: 49.95 | N67: =J67*M67 -> 0 | P67: =SUM('Sales TOTAL'!CU66:ET66) -> 0 | Q67: 37.46 | R67: =P67*Q67 -> 0 | S67: 49.95 | T67: =P67*S67 -> 0 | V67: =SUM('Sales TOTAL'!DA66:EZ66) -> 0 | W67: 37.46 | X67: =V67*W67 -> 0 | Y67: 49.95 | Z67: =V67*Y67 -> 0 | AB67: =SUM('Sales TOTAL'!GU66:HX66) -> 1353 | AC67: 37.46 | AD67: =AB67*AC67 -> 50683.38 | AE67: 49.95 | AF67: =AB67*AE67 -> 67582.35 | AH67: =V67+P67+J67+D67+AB67 -> 1353 | AI67: 37.46 | AJ67: =F67+L67+R67+X67+AD67 -> 50683.38 | AK67: 49.95 | AL67: =Z67+T67+N67+H67+AF67 -> 67582.35
D68: =SUM(D61:D67) -> 0 | F68: =SUM(F61:F66) -> 0 | H68: =SUM(H61:H66) -> 0 | J68: =SUM(J61:J66) -> 4407 | L68: =SUM(L61:L66) -> 230823.72 | N68: =SUM(N61:N66) -> 307779.65 | P68: =SUM(P61:P66) -> 13548 | R68: =SUM(R61:R66) -> 731293.08 | T68: =SUM(T61:T66) -> 975102.6 | V68: =SUM(V61:V66) -> 34877 | X68: =SUM(X61:X66) -> 1489421.2 | Z68: =SUM(Z61:Z66) -> 1970302.8 | AB68: =SUM(AB61:AB67) -> 18146 | AD68: =SUM(AD61:AD67) -> 720556.66 | AF68: =SUM(AF61:AF67) -> 949979.98 | AH68: =V68+P68+J68+D68+AB68 -> 70978 | AJ68: =F68+L68+R68+X68+AD68 -> 3172094.6 | AL68: =Z68+T68+N68+H68+AF68 -> 4203165.1
